[{"model": "reader.hitcount", "pk": 1, "fields": {"content_type": 3, "object_id": 1, "hits": 771}}, {"model": "reader.hitcount", "pk": 3, "fields": {"content_type": 4, "object_id": 50, "hits": 5}}, {"model": "reader.hitcount", "pk": 4, "fields": {"content_type": 4, "object_id": 3, "hits": 1}}, {"model": "reader.hitcount", "pk": 5, "fields": {"content_type": 4, "object_id": 69, "hits": 2}}, {"model": "reader.hitcount", "pk": 6, "fields": {"content_type": 4, "object_id": 155, "hits": 1}}, {"model": "reader.hitcount", "pk": 7, "fields": {"content_type": 3, "object_id": 2, "hits": 50}}, {"model": "reader.hitcount", "pk": 8, "fields": {"content_type": 3, "object_id": 3, "hits": 14}}, {"model": "reader.hitcount", "pk": 9, "fields": {"content_type": 4, "object_id": 267, "hits": 2}}, {"model": "reader.hitcount", "pk": 10, "fields": {"content_type": 4, "object_id": 65, "hits": 1}}, {"model": "reader.hitcount", "pk": 11, "fields": {"content_type": 1, "object_id": 1, "hits": 147}}, {"model": "reader.hitcount", "pk": 12, "fields": {"content_type": 1, "object_id": 2, "hits": 29}}, {"model": "reader.hitcount", "pk": 13, "fields": {"content_type": 2, "object_id": 268, "hits": 8}}, {"model": "reader.hitcount", "pk": 14, "fields": {"content_type": 1, "object_id": 3, "hits": 5}}, {"model": "reader.hitcount", "pk": 15, "fields": {"content_type": 2, "object_id": 267, "hits": 13}}, {"model": "reader.hitcount", "pk": 16, "fields": {"content_type": 2, "object_id": 65, "hits": 1}}, {"model": "reader.hitcount", "pk": 17, "fields": {"content_type": 2, "object_id": 51, "hits": 5}}, {"model": "reader.hitcount", "pk": 18, "fields": {"content_type": 2, "object_id": 52, "hits": 6}}, {"model": "reader.hitcount", "pk": 19, "fields": {"content_type": 2, "object_id": 125, "hits": 1}}, {"model": "reader.hitcount", "pk": 20, "fields": {"content_type": 2, "object_id": 126, "hits": 2}}, {"model": "reader.hitcount", "pk": 21, "fields": {"content_type": 2, "object_id": 69, "hits": 7}}, {"model": "reader.hitcount", "pk": 22, "fields": {"content_type": 2, "object_id": 127, "hits": 4}}, {"model": "reader.hitcount", "pk": 23, "fields": {"content_type": 2, "object_id": 272, "hits": 2}}, {"model": "reader.hitcount", "pk": 24, "fields": {"content_type": 2, "object_id": 46, "hits": 3}}, {"model": "reader.hitcount", "pk": 25, "fields": {"content_type": 2, "object_id": 47, "hits": 1}}, {"model": "reader.hitcount", "pk": 26, "fields": {"content_type": 2, "object_id": 48, "hits": 2}}, {"model": "reader.hitcount", "pk": 27, "fields": {"content_type": 2, "object_id": 34, "hits": 3}}, {"model": "reader.hitcount", "pk": 28, "fields": {"content_type": 2, "object_id": 22, "hits": 3}}, {"model": "reader.hitcount", "pk": 29, "fields": {"content_type": 2, "object_id": 9, "hits": 2}}, {"model": "reader.hitcount", "pk": 30, "fields": {"content_type": 2, "object_id": 167, "hits": 2}}, {"model": "reader.hitcount", "pk": 31, "fields": {"content_type": 2, "object_id": 152, "hits": 2}}, {"model": "reader.hitcount", "pk": 32, "fields": {"content_type": 2, "object_id": 140, "hits": 2}}, {"model": "reader.hitcount", "pk": 33, "fields": {"content_type": 2, "object_id": 68, "hits": 4}}, {"model": "reader.hitcount", "pk": 34, "fields": {"content_type": 2, "object_id": 67, "hits": 2}}, {"model": "reader.hitcount", "pk": 35, "fields": {"content_type": 2, "object_id": 139, "hits": 1}}, {"model": "reader.hitcount", "pk": 36, "fields": {"content_type": 2, "object_id": 102, "hits": 2}}, {"model": "reader.hitcount", "pk": 37, "fields": {"content_type": 2, "object_id": 115, "hits": 3}}, {"model": "reader.hitcount", "pk": 38, "fields": {"content_type": 2, "object_id": 116, "hits": 1}}, {"model": "reader.hitcount", "pk": 39, "fields": {"content_type": 2, "object_id": 53, "hits": 4}}, {"model": "reader.hitcount", "pk": 40, "fields": {"content_type": 2, "object_id": 35, "hits": 2}}, {"model": "reader.hitcount", "pk": 41, "fields": {"content_type": 2, "object_id": 77, "hits": 1}}, {"model": "reader.hitcount", "pk": 42, "fields": {"content_type": 2, "object_id": 18, "hits": 1}}, {"model": "reader.hitcount", "pk": 43, "fields": {"content_type": 2, "object_id": 3, "hits": 1}}, {"model": "reader.hitcount", "pk": 44, "fields": {"content_type": 2, "object_id": 90, "hits": 1}}, {"model": "reader.hitcount", "pk": 45, "fields": {"content_type": 2, "object_id": 322, "hits": 1}}, {"model": "reader.hitcount", "pk": 46, "fields": {"content_type": 2, "object_id": 273, "hits": 1}}, {"model": "reader.hitcount", "pk": 47, "fields": {"content_type": 2, "object_id": 331, "hits": 1}}, {"model": "reader.hitcount", "pk": 48, "fields": {"content_type": 2, "object_id": 332, "hits": 1}}, {"model": "reader.hitcount", "pk": 49, "fields": {"content_type": 2, "object_id": 333, "hits": 1}}, {"model": "reader.hitcount", "pk": 50, "fields": {"content_type": 2, "object_id": 334, "hits": 1}}, {"model": "reader.hitcount", "pk": 51, "fields": {"content_type": 2, "object_id": 335, "hits": 1}}, {"model": "reader.hitcount", "pk": 52, "fields": {"content_type": 2, "object_id": 336, "hits": 1}}, {"model": "reader.hitcount", "pk": 53, "fields": {"content_type": 2, "object_id": 337, "hits": 1}}, {"model": "reader.hitcount", "pk": 54, "fields": {"content_type": 2, "object_id": 274, "hits": 1}}, {"model": "reader.hitcount", "pk": 55, "fields": {"content_type": 2, "object_id": 275, "hits": 1}}, {"model": "reader.hitcount", "pk": 56, "fields": {"content_type": 2, "object_id": 276, "hits": 1}}, {"model": "reader.hitcount", "pk": 57, "fields": {"content_type": 2, "object_id": 277, "hits": 1}}, {"model": "reader.hitcount", "pk": 58, "fields": {"content_type": 2, "object_id": 278, "hits": 1}}, {"model": "reader.hitcount", "pk": 59, "fields": {"content_type": 2, "object_id": 279, "hits": 1}}, {"model": "reader.hitcount", "pk": 60, "fields": {"content_type": 2, "object_id": 280, "hits": 1}}, {"model": "reader.hitcount", "pk": 61, "fields": {"content_type": 2, "object_id": 281, "hits": 1}}, {"model": "reader.hitcount", "pk": 62, "fields": {"content_type": 2, "object_id": 32, "hits": 2}}, {"model": "reader.hitcount", "pk": 63, "fields": {"content_type": 2, "object_id": 217, "hits": 1}}, {"model": "reader.hitcount", "pk": 64, "fields": {"content_type": 2, "object_id": 63, "hits": 1}}, {"model": "reader.hitcount", "pk": 65, "fields": {"content_type": 2, "object_id": 216, "hits": 1}}, {"model": "reader.hitcount", "pk": 66, "fields": {"content_type": 2, "object_id": 64, "hits": 1}}, {"model": "reader.hitcount", "pk": 67, "fields": {"content_type": 2, "object_id": 58, "hits": 2}}, {"model": "reader.hitcount", "pk": 68, "fields": {"content_type": 2, "object_id": 49, "hits": 3}}, {"model": "reader.hitcount", "pk": 69, "fields": {"content_type": 2, "object_id": 50, "hits": 10}}, {"model": "reader.hitcount", "pk": 70, "fields": {"content_type": 2, "object_id": 55, "hits": 2}}, {"model": "reader.hitcount", "pk": 71, "fields": {"content_type": 2, "object_id": 56, "hits": 1}}, {"model": "reader.hitcount", "pk": 72, "fields": {"content_type": 2, "object_id": 343, "hits": 1}}, {"model": "reader.hitcount", "pk": 73, "fields": {"content_type": 6, "object_id": 67, "hits": 4}}, {"model": "reader.hitcount", "pk": 74, "fields": {"content_type": 6, "object_id": 68, "hits": 7}}, {"model": "reader.hitcount", "pk": 75, "fields": {"content_type": 6, "object_id": 268, "hits": 19}}, {"model": "reader.hitcount", "pk": 76, "fields": {"content_type": 6, "object_id": 267, "hits": 29}}, {"model": "reader.hitcount", "pk": 77, "fields": {"content_type": 6, "object_id": 59, "hits": 5}}, {"model": "reader.hitcount", "pk": 78, "fields": {"content_type": 6, "object_id": 60, "hits": 6}}, {"model": "reader.hitcount", "pk": 79, "fields": {"content_type": 6, "object_id": 61, "hits": 3}}, {"model": "reader.hitcount", "pk": 80, "fields": {"content_type": 6, "object_id": 62, "hits": 4}}, {"model": "reader.hitcount", "pk": 81, "fields": {"content_type": 6, "object_id": 216, "hits": 3}}, {"model": "reader.hitcount", "pk": 82, "fields": {"content_type": 6, "object_id": 64, "hits": 2}}, {"model": "reader.hitcount", "pk": 83, "fields": {"content_type": 6, "object_id": 58, "hits": 3}}, {"model": "reader.hitcount", "pk": 84, "fields": {"content_type": 6, "object_id": 57, "hits": 4}}, {"model": "reader.hitcount", "pk": 85, "fields": {"content_type": 6, "object_id": 69, "hits": 8}}, {"model": "reader.hitcount", "pk": 86, "fields": {"content_type": 6, "object_id": 34, "hits": 2}}, {"model": "reader.hitcount", "pk": 87, "fields": {"content_type": 6, "object_id": 46, "hits": 2}}, {"model": "reader.hitcount", "pk": 88, "fields": {"content_type": 6, "object_id": 36, "hits": 1}}, {"model": "reader.hitcount", "pk": 89, "fields": {"content_type": 6, "object_id": 35, "hits": 1}}, {"model": "reader.hitcount", "pk": 90, "fields": {"content_type": 6, "object_id": 65, "hits": 2}}, {"model": "reader.hitcount", "pk": 91, "fields": {"content_type": 6, "object_id": 38, "hits": 1}}, {"model": "reader.hitcount", "pk": 92, "fields": {"content_type": 6, "object_id": 50, "hits": 1}}, {"model": "reader.hitcount", "pk": 93, "fields": {"content_type": 6, "object_id": 217, "hits": 2}}, {"model": "reader.hitcount", "pk": 94, "fields": {"content_type": 6, "object_id": 63, "hits": 1}}, {"model": "reader.hitcount", "pk": 95, "fields": {"content_type": 6, "object_id": 269, "hits": 1}}, {"model": "reader.hitcount", "pk": 96, "fields": {"content_type": 6, "object_id": 3, "hits": 2}}, {"model": "reader.hitcount", "pk": 97, "fields": {"content_type": 6, "object_id": 74, "hits": 1}}, {"model": "reader.hitcount", "pk": 98, "fields": {"content_type": 6, "object_id": 344, "hits": 1}}, {"model": "reader.hitcount", "pk": 99, "fields": {"content_type": 6, "object_id": 343, "hits": 4}}, {"model": "reader.hitcount", "pk": 100, "fields": {"content_type": 6, "object_id": 319, "hits": 5}}, {"model": "reader.hitcount", "pk": 101, "fields": {"content_type": 6, "object_id": 320, "hits": 3}}, {"model": "reader.hitcount", "pk": 102, "fields": {"content_type": 6, "object_id": 273, "hits": 1}}, {"model": "reader.hitcount", "pk": 103, "fields": {"content_type": 6, "object_id": 160, "hits": 1}}, {"model": "reader.hitcount", "pk": 104, "fields": {"content_type": 6, "object_id": 272, "hits": 2}}, {"model": "reader.hitcount", "pk": 105, "fields": {"content_type": 6, "object_id": 56, "hits": 1}}, {"model": "reader.hitcount", "pk": 106, "fields": {"content_type": 6, "object_id": 53, "hits": 1}}, {"model": "reader.hitcount", "pk": 107, "fields": {"content_type": 6, "object_id": 126, "hits": 1}}, {"model": "reader.hitcount", "pk": 108, "fields": {"content_type": 6, "object_id": 127, "hits": 6}}, {"model": "reader.hitcount", "pk": 109, "fields": {"content_type": 6, "object_id": 128, "hits": 4}}, {"model": "reader.hitcount", "pk": 110, "fields": {"content_type": 6, "object_id": 18, "hits": 1}}, {"model": "reader.hitcount", "pk": 111, "fields": {"content_type": 6, "object_id": 345, "hits": 1}}, {"model": "reader.hitcount", "pk": 112, "fields": {"content_type": 6, "object_id": 347, "hits": 1}}, {"model": "reader.hitcount", "pk": 113, "fields": {"content_type": 6, "object_id": 353, "hits": 1}}, {"model": "reader.hitcount", "pk": 114, "fields": {"content_type": 6, "object_id": 148, "hits": 1}}, {"model": "reader.hitcount", "pk": 115, "fields": {"content_type": 6, "object_id": 129, "hits": 1}}, {"model": "reader.hitcount", "pk": 116, "fields": {"content_type": 6, "object_id": 361, "hits": 15}}, {"model": "reader.hitcount", "pk": 117, "fields": {"content_type": 6, "object_id": 363, "hits": 5}}, {"model": "reader.hitcount", "pk": 118, "fields": {"content_type": 6, "object_id": 362, "hits": 9}}, {"model": "reader.hitcount", "pk": 119, "fields": {"content_type": 6, "object_id": 375, "hits": 10}}, {"model": "reader.hitcount", "pk": 120, "fields": {"content_type": 6, "object_id": 364, "hits": 5}}, {"model": "reader.hitcount", "pk": 121, "fields": {"content_type": 6, "object_id": 367, "hits": 2}}, {"model": "reader.hitcount", "pk": 122, "fields": {"content_type": 6, "object_id": 436, "hits": 5}}, {"model": "reader.hitcount", "pk": 123, "fields": {"content_type": 6, "object_id": 125, "hits": 1}}, {"model": "reader.hitcount", "pk": 124, "fields": {"content_type": 6, "object_id": 123, "hits": 1}}, {"model": "reader.hitcount", "pk": 125, "fields": {"content_type": 6, "object_id": 122, "hits": 1}}, {"model": "reader.hitcount", "pk": 126, "fields": {"content_type": 6, "object_id": 121, "hits": 1}}, {"model": "reader.hitcount", "pk": 127, "fields": {"content_type": 6, "object_id": 120, "hits": 1}}, {"model": "reader.hitcount", "pk": 128, "fields": {"content_type": 6, "object_id": 119, "hits": 2}}, {"model": "reader.hitcount", "pk": 129, "fields": {"content_type": 6, "object_id": 118, "hits": 1}}, {"model": "reader.hitcount", "pk": 130, "fields": {"content_type": 6, "object_id": 117, "hits": 1}}, {"model": "reader.hitcount", "pk": 131, "fields": {"content_type": 6, "object_id": 384, "hits": 1}}, {"model": "reader.hitcount", "pk": 132, "fields": {"content_type": 6, "object_id": 383, "hits": 1}}, {"model": "reader.hitcount", "pk": 133, "fields": {"content_type": 6, "object_id": 382, "hits": 1}}, {"model": "reader.hitcount", "pk": 134, "fields": {"content_type": 6, "object_id": 381, "hits": 1}}, {"model": "reader.hitcount", "pk": 135, "fields": {"content_type": 6, "object_id": 376, "hits": 1}}, {"model": "reader.hitcount", "pk": 136, "fields": {"content_type": 6, "object_id": 321, "hits": 1}}, {"model": "reader.hitcount", "pk": 137, "fields": {"content_type": 6, "object_id": 115, "hits": 1}}, {"model": "reader.hitcount", "pk": 138, "fields": {"content_type": 6, "object_id": 139, "hits": 1}}, {"model": "reader.hitcount", "pk": 139, "fields": {"content_type": 6, "object_id": 102, "hits": 1}}, {"model": "reader.hitcount", "pk": 140, "fields": {"content_type": 6, "object_id": 455, "hits": 1}}, {"model": "reader.hitcount", "pk": 141, "fields": {"content_type": 6, "object_id": 366, "hits": 2}}, {"model": "reader.hitcount", "pk": 142, "fields": {"content_type": 6, "object_id": 369, "hits": 3}}, {"model": "reader.hitcount", "pk": 143, "fields": {"content_type": 6, "object_id": 386, "hits": 1}}, {"model": "reader.hitcount", "pk": 144, "fields": {"content_type": 6, "object_id": 371, "hits": 3}}, {"model": "reader.hitcount", "pk": 145, "fields": {"content_type": 6, "object_id": 370, "hits": 2}}, {"model": "reader.hitcount", "pk": 146, "fields": {"content_type": 6, "object_id": 368, "hits": 1}}, {"model": "reader.hitcount", "pk": 147, "fields": {"content_type": 6, "object_id": 365, "hits": 1}}, {"model": "reader.hitcount", "pk": 148, "fields": {"content_type": 6, "object_id": 135, "hits": 1}}, {"model": "reader.hitcount", "pk": 149, "fields": {"content_type": 6, "object_id": 136, "hits": 1}}, {"model": "reader.person", "pk": 1, "fields": {"name": "Aka Akasaka"}}, {"model": "reader.person", "pk": 2, "fields": {"name": "G3 Iida"}}, {"model": "reader.person", "pk": 3, "fields": {"name": "Sakayama Shinta"}}, {"model": "reader.group", "pk": 1, "fields": {"name": "Psylocke Scans"}}, {"model": "reader.group", "pk": 2, "fields": {"name": "/a/nonymous"}}, {"model": "reader.group", "pk": 3, "fields": {"name": "Fans Scans | Jaimini's~Box~"}}, {"model": "reader.series", "pk": 1, "fields": {"name": "Kaguya-sama wa Kokurasetai: Tensai-tachi no Renai Zunousen", "slug": "Kaguya-Wants-To-Be-Confessed-To", "author": 1, "artist": 1, "synopsis": "All\u2019s fair when love is war!\r\n\r\nTwo geniuses. Two brains. Two hearts. One battle. Who will confess their love first\u2026?!\r\n\r\nKaguya Shinomiya and Miyuki Shirogane are two geniuses who stand atop their prestigious academy\u2019s student council, making them the elite among elite. But it\u2019s lonely at the top and each has fallen for the other. There\u2019s just one huge problem standing in the way of lovey-dovey bliss\u2014they\u2019re both too prideful to be the first to confess their romantic feelings and thus become the \u201closer\u201d in the competition of love! And so begins their daily schemes to force the other to confess first!"}}, {"model": "reader.series", "pk": 2, "fields": {"name": "We Want To Talk About Kaguya", "slug": "We-Want-To-Talk-About-Kaguya", "author": 2, "artist": 2, "synopsis": "In this 4-koma spinoff of Kaguya Wants to be Confessed to, the members of Shuchiin's Mass Media Club, Erika Kose and Karen Kino, idolize Student Council Vice President Kaguya Shinomiya. This is the comedic tale of two delusional girls who have absolutely no idea what goes on in the Student Council room!"}}, {"model": "reader.series", "pk": 3, "fields": {"name": "Kaguya Wants To Be Confessed To Official Doujin", "slug": "Kaguya-Wants-To-Be-Confessed-To-Official-Doujin", "author": 3, "artist": 3, "synopsis": "\"Kaguya Wants to Be Confessed to\" is a manga about \u201cthe war of love and brains\u201d between two high school geniuses who try to make the other confess. This, however, is an \"ero spinoff\" that\u2019ll make you wish it were part of the main series!"}}, {"model": "reader.volume", "pk": 1, "fields": {"volume_number": 1, "series": 1, "volume_cover": "manga/Kaguya-Wants-To-Be-Confessed-To/volume_covers/1/1.png"}}, {"model": "reader.volume", "pk": 2, "fields": {"volume_number": 2, "series": 1, "volume_cover": "manga/Kaguya-Wants-To-Be-Confessed-To/volume_covers/2/2.png"}}, {"model": "reader.volume", "pk": 3, "fields": {"volume_number": 3, "series": 1, "volume_cover": "manga/Kaguya-Wants-To-Be-Confessed-To/volume_covers/3/3.png"}}, {"model": "reader.volume", "pk": 4, "fields": {"volume_number": 4, "series": 1, "volume_cover": "manga/Kaguya-Wants-To-Be-Confessed-To/volume_covers/4/4.png"}}, {"model": "reader.volume", "pk": 5, "fields": {"volume_number": 5, "series": 1, "volume_cover": "manga/Kaguya-Wants-To-Be-Confessed-To/volume_covers/5/5.png"}}, {"model": "reader.volume", "pk": 6, "fields": {"volume_number": 6, "series": 1, "volume_cover": "manga/Kaguya-Wants-To-Be-Confessed-To/volume_covers/6/6.png"}}, {"model": "reader.volume", "pk": 7, "fields": {"volume_number": 7, "series": 1, "volume_cover": "manga/Kaguya-Wants-To-Be-Confessed-To/volume_covers/7/7.png"}}, {"model": "reader.volume", "pk": 8, "fields": {"volume_number": 8, "series": 1, "volume_cover": "manga/Kaguya-Wants-To-Be-Confessed-To/volume_covers/8/8.png"}}, {"model": "reader.volume", "pk": 9, "fields": {"volume_number": 9, "series": 1, "volume_cover": "manga/Kaguya-Wants-To-Be-Confessed-To/volume_covers/9/9.png"}}, {"model": "reader.volume", "pk": 10, "fields": {"volume_number": 10, "series": 1, "volume_cover": "manga/Kaguya-Wants-To-Be-Confessed-To/volume_covers/10/10.png"}}, {"model": "reader.volume", "pk": 11, "fields": {"volume_number": 11, "series": 1, "volume_cover": "manga/Kaguya-Wants-To-Be-Confessed-To/volume_covers/11/11.png"}}, {"model": "reader.volume", "pk": 12, "fields": {"volume_number": 12, "series": 1, "volume_cover": "manga/Kaguya-Wants-To-Be-Confessed-To/volume_covers/12/12.png"}}, {"model": "reader.volume", "pk": 13, "fields": {"volume_number": 13, "series": 1, "volume_cover": "manga/Kaguya-Wants-To-Be-Confessed-To/volume_covers/13/13.jpg"}}, {"model": "reader.volume", "pk": 14, "fields": {"volume_number": 14, "series": 1, "volume_cover": "manga/Kaguya-Wants-To-Be-Confessed-To/volume_covers/14/14.jpg"}}, {"model": "reader.volume", "pk": 15, "fields": {"volume_number": 15, "series": 1, "volume_cover": "manga/Kaguya-Wants-To-Be-Confessed-To/volume_covers/15/15.jpg"}}, {"model": "reader.volume", "pk": 16, "fields": {"volume_number": 1, "series": 2, "volume_cover": "manga/We-Want-To-Talk-About-Kaguya/volume_covers/1/1.jpg"}}, {"model": "reader.volume", "pk": 17, "fields": {"volume_number": 1, "series": 3, "volume_cover": "manga/Kaguya-Wants-To-Be-Confessed-To-Official-Doujin/volume_covers/1/v1.jpg"}}, {"model": "reader.volume", "pk": 18, "fields": {"volume_number": 2, "series": 3, "volume_cover": "manga/Kaguya-Wants-To-Be-Confessed-To-Official-Doujin/volume_covers/2/v2.jpg"}}, {"model": "reader.chapter", "pk": 3, "fields": {"series": 1, "title": "I Want to be Invited to a Movie", "chapter_number": 1.0, "folder": "0001_9rr4clfz", "volume": 1, "group": 1, "uploaded_on": "2019-07-16T04:44:26.454Z"}}, {"model": "reader.chapter", "pk": 4, "fields": {"series": 1, "title": "The Student Council Wants to Play a Prank", "chapter_number": 10.0, "folder": "0010_fsov9vah", "volume": 1, "group": 1, "uploaded_on": "2019-07-16T04:44:32.334Z"}}, {"model": "reader.chapter", "pk": 5, "fields": {"series": 1, "title": "Volume 1 Extras", "chapter_number": 10.5, "folder": "0010-5_czq6x2ui", "volume": 1, "group": 1, "uploaded_on": "2019-07-16T04:44:32.887Z"}}, {"model": "reader.chapter", "pk": 18, "fields": {"series": 1, "title": "Kaguya Wants to Exchange", "chapter_number": 11.0, "folder": "0011_2rnnz4ku", "volume": 2, "group": 1, "uploaded_on": "2019-07-16T04:44:33.076Z"}}, {"model": "reader.chapter", "pk": 30, "fields": {"series": 1, "title": "Kaguya Wants to be Stopped", "chapter_number": 12.0, "folder": "0012_pi1fzgef", "volume": 2, "group": 1, "uploaded_on": "2019-07-16T04:44:34.170Z"}}, {"model": "reader.chapter", "pk": 42, "fields": {"series": 1, "title": "Kaguya Wants to be Indirect", "chapter_number": 13.0, "folder": "0013_ebgt31pw", "volume": 2, "group": 1, "uploaded_on": "2019-07-16T04:44:34.733Z"}}, {"model": "reader.chapter", "pk": 54, "fields": {"series": 1, "title": "Miyuki Shirogane Hasn't Done It", "chapter_number": 14.0, "folder": "0014_8yvji7to", "volume": 2, "group": 1, "uploaded_on": "2019-07-16T04:44:35.464Z"}}, {"model": "reader.chapter", "pk": 66, "fields": {"series": 1, "title": "Miyuki Shirogane Wants to Flee", "chapter_number": 15.0, "folder": "0015_wo6xss5i", "volume": 2, "group": 1, "uploaded_on": "2019-07-16T04:44:36.046Z"}}, {"model": "reader.chapter", "pk": 70, "fields": {"series": 1, "title": "Kaguya Wants to Do Well", "chapter_number": 16.0, "folder": "0016_ix7z42cc", "volume": 2, "group": 1, "uploaded_on": "2019-07-16T04:44:36.609Z"}}, {"model": "reader.chapter", "pk": 71, "fields": {"series": 1, "title": "Kaguya Wants to Adore", "chapter_number": 17.0, "folder": "0017_o2nu3jh7", "volume": 2, "group": 1, "uploaded_on": "2019-07-16T04:44:37.171Z"}}, {"model": "reader.chapter", "pk": 72, "fields": {"series": 1, "title": "The Student Council Wants to Talk", "chapter_number": 18.0, "folder": "0018_006ig4wp", "volume": 2, "group": 1, "uploaded_on": "2019-07-16T04:44:37.733Z"}}, {"model": "reader.chapter", "pk": 73, "fields": {"series": 1, "title": "Kaguya Wants to be Sent", "chapter_number": 19.0, "folder": "0019_0vc8bf9v", "volume": 2, "group": 1, "uploaded_on": "2019-07-16T04:44:38.224Z"}}, {"model": "reader.chapter", "pk": 74, "fields": {"series": 1, "title": "I Want to Play Old Maid", "chapter_number": 2.0, "folder": "0002_nih78b9p", "volume": 1, "group": 1, "uploaded_on": "2019-07-16T04:44:27.037Z"}}, {"model": "reader.chapter", "pk": 75, "fields": {"series": 1, "title": "Miyuki Shirogane Wants to Speak", "chapter_number": 20.0, "folder": "0020_ixnqjikt", "volume": 2, "group": 1, "uploaded_on": "2019-07-16T04:44:38.595Z"}}, {"model": "reader.chapter", "pk": 76, "fields": {"series": 1, "title": "Volume 2 Extras", "chapter_number": 20.5, "folder": "0020-5_j2mlu1i6", "volume": 2, "group": 1, "uploaded_on": "2019-07-16T04:44:38.967Z"}}, {"model": "reader.chapter", "pk": 77, "fields": {"series": 1, "title": "Kaguya Wants to Have Held", "chapter_number": 21.0, "folder": "0021_nrly80ec", "volume": 3, "group": 1, "uploaded_on": "2019-07-16T04:44:39.157Z"}}, {"model": "reader.chapter", "pk": 78, "fields": {"series": 1, "title": "Chika Fujiwara Wants to be Eaten", "chapter_number": 22.0, "folder": "0022_tzmfril0", "volume": 3, "group": 1, "uploaded_on": "2019-07-16T04:44:39.548Z"}}, {"model": "reader.chapter", "pk": 79, "fields": {"series": 1, "title": "Miyuki Shirogane Wants to Show Off", "chapter_number": 23.0, "folder": "0023_hdwud1hh", "volume": 3, "group": 1, "uploaded_on": "2019-07-16T04:44:39.980Z"}}, {"model": "reader.chapter", "pk": 80, "fields": {"series": 1, "title": "Yu Ishigami Wants to Survive", "chapter_number": 24.0, "folder": "0024_1retjrfk", "volume": 3, "group": 1, "uploaded_on": "2019-07-16T04:44:40.311Z"}}, {"model": "reader.chapter", "pk": 81, "fields": {"series": 1, "title": "Kaguya Wants to be Noticed", "chapter_number": 25.0, "folder": "0025_6qb0gkbi", "volume": 3, "group": 1, "uploaded_on": "2019-07-16T04:44:40.614Z"}}, {"model": "reader.chapter", "pk": 82, "fields": {"series": 1, "title": "Miyuki Shirogane Wants to Work", "chapter_number": 26.0, "folder": "0026_f2o5utqh", "volume": 3, "group": 1, "uploaded_on": "2019-07-16T04:44:41.024Z"}}, {"model": "reader.chapter", "pk": 83, "fields": {"series": 1, "title": "Kaguya Wants to Endure", "chapter_number": 27.0, "folder": "0027_7aujvyw4", "volume": 3, "group": 1, "uploaded_on": "2019-07-16T04:44:41.515Z"}}, {"model": "reader.chapter", "pk": 84, "fields": {"series": 1, "title": "Extra Chapter", "chapter_number": 27.5, "folder": "0027-5_d3ri0olc", "volume": 3, "group": 1, "uploaded_on": "2019-07-16T04:44:41.896Z"}}, {"model": "reader.chapter", "pk": 85, "fields": {"series": 1, "title": "Chika Fujiwara Wants to Test", "chapter_number": 28.0, "folder": "0028_d6jbbajt", "volume": 3, "group": 1, "uploaded_on": "2019-07-16T04:44:42.087Z"}}, {"model": "reader.chapter", "pk": 86, "fields": {"series": 1, "title": "Kaguya Wants to be Joined", "chapter_number": 29.0, "folder": "0029_hpkvpe5y", "volume": 3, "group": 1, "uploaded_on": "2019-07-16T04:44:42.678Z"}}, {"model": "reader.chapter", "pk": 87, "fields": {"series": 1, "title": "Kaguya Doesn't Know Much", "chapter_number": 3.0, "folder": "0003_0qbdvy9m", "volume": 1, "group": 1, "uploaded_on": "2019-07-16T04:44:27.618Z"}}, {"model": "reader.chapter", "pk": 88, "fields": {"series": 1, "title": "Ai Hayasaka Wants to Defend", "chapter_number": 30.0, "folder": "0030_vadz3qz3", "volume": 3, "group": 1, "uploaded_on": "2019-07-16T04:44:43.341Z"}}, {"model": "reader.chapter", "pk": 89, "fields": {"series": 1, "title": "Volume 3 Extras", "chapter_number": 30.5, "folder": "0030-5_byfjx5ah", "volume": 3, "group": 1, "uploaded_on": "2019-07-16T04:44:43.712Z"}}, {"model": "reader.chapter", "pk": 90, "fields": {"series": 1, "title": "Miyuki Shirogane Can't Lose", "chapter_number": 31.0, "folder": "0031_a67tnbzi", "volume": 4, "group": 1, "uploaded_on": "2019-07-16T04:44:43.903Z"}}, {"model": "reader.chapter", "pk": 91, "fields": {"series": 1, "title": "Kaguya Wants to be Hated", "chapter_number": 32.0, "folder": "0032_jnnm06pm", "volume": 4, "group": 1, "uploaded_on": "2019-07-16T04:44:44.274Z"}}, {"model": "reader.chapter", "pk": 92, "fields": {"series": 1, "title": "Kaguya Wants to Offer", "chapter_number": 33.0, "folder": "0033_33fyaeao", "volume": 4, "group": 1, "uploaded_on": "2019-07-16T04:44:44.646Z"}}, {"model": "reader.chapter", "pk": 93, "fields": {"series": 1, "title": "Chika Fujiwara Wants to Visit", "chapter_number": 34.0, "folder": "0034_4tukawua", "volume": 4, "group": 1, "uploaded_on": "2019-07-16T04:44:45.147Z"}}, {"model": "reader.chapter", "pk": 94, "fields": {"series": 1, "title": "Regarding Kaguya Shinomiya, Part 1", "chapter_number": 35.0, "folder": "0035_ask38v6s", "volume": 4, "group": 1, "uploaded_on": "2019-07-16T04:44:45.518Z"}}, {"model": "reader.chapter", "pk": 95, "fields": {"series": 1, "title": "Miyuki Shirogane Wants to Sing", "chapter_number": 36.0, "folder": "0036_veby2t5h", "volume": 4, "group": 1, "uploaded_on": "2019-07-16T04:44:45.890Z"}}, {"model": "reader.chapter", "pk": 96, "fields": {"series": 1, "title": "Kaguya Won't Relent", "chapter_number": 37.0, "folder": "0037_ujet0d89", "volume": 4, "group": 1, "uploaded_on": "2019-07-16T04:44:46.292Z"}}, {"model": "reader.chapter", "pk": 97, "fields": {"series": 1, "title": "Kaguya Wants to Forgive", "chapter_number": 38.0, "folder": "0038_o8rfk0lv", "volume": 4, "group": 1, "uploaded_on": "2019-07-16T04:44:46.803Z"}}, {"model": "reader.chapter", "pk": 98, "fields": {"series": 1, "title": "Kaguya Wants to be Called", "chapter_number": 39.0, "folder": "0039_jf35dyoe", "volume": 4, "group": 1, "uploaded_on": "2019-07-16T04:44:47.174Z"}}, {"model": "reader.chapter", "pk": 99, "fields": {"series": 1, "title": "Miyuki Shirogane Wants to Answer", "chapter_number": 4.0, "folder": "0004_iei3dcts", "volume": 1, "group": 1, "uploaded_on": "2019-07-16T04:44:28.468Z"}}, {"model": "reader.chapter", "pk": 100, "fields": {"series": 1, "title": "Miyuki Shirogane Wants to Go on a Trip", "chapter_number": 40.0, "folder": "0040_y6e8x7b3", "volume": 4, "group": 1, "uploaded_on": "2019-07-16T04:44:47.505Z"}}, {"model": "reader.chapter", "pk": 101, "fields": {"series": 1, "title": "Volume 4 Extras", "chapter_number": 40.5, "folder": "0040-5_p6qyv8ed", "volume": 4, "group": 1, "uploaded_on": "2019-07-16T04:44:47.856Z"}}, {"model": "reader.chapter", "pk": 102, "fields": {"series": 1, "title": "Miyuki Shirogane Wants to Meet", "chapter_number": 41.0, "folder": "0041_hve33ihd", "volume": 5, "group": 1, "uploaded_on": "2019-07-16T04:44:48.198Z"}}, {"model": "reader.chapter", "pk": 103, "fields": {"series": 1, "title": "Ai Hayasaka Wants to Soak", "chapter_number": 42.0, "folder": "0042_xzuxak68", "volume": 5, "group": 1, "uploaded_on": "2019-07-16T04:44:48.579Z"}}, {"model": "reader.chapter", "pk": 104, "fields": {"series": 1, "title": "Chika Fujiwara Really Wants to Eat", "chapter_number": 43.0, "folder": "0043_jlc8ftoo", "volume": 5, "group": 1, "uploaded_on": "2019-07-16T04:44:48.951Z"}}, {"model": "reader.chapter", "pk": 105, "fields": {"series": 1, "title": "I Can't Hear the Fireworks, Part 1", "chapter_number": 44.0, "folder": "0044_bf23haxn", "volume": 5, "group": 1, "uploaded_on": "2019-07-16T04:44:49.351Z"}}, {"model": "reader.chapter", "pk": 106, "fields": {"series": 1, "title": "I Can't Hear the Fireworks, Part 2", "chapter_number": 45.0, "folder": "0045_h2doed0j", "volume": 5, "group": 1, "uploaded_on": "2019-07-16T04:44:50.055Z"}}, {"model": "reader.chapter", "pk": 107, "fields": {"series": 1, "title": "Kaguya Doesn't Want to Avoid", "chapter_number": 46.0, "folder": "0046_av9rp87m", "volume": 5, "group": 1, "uploaded_on": "2019-07-16T04:44:50.425Z"}}, {"model": "reader.chapter", "pk": 108, "fields": {"series": 1, "title": "Kaguya Wants to Choose", "chapter_number": 47.0, "folder": "0047_mwa3ii20", "volume": 5, "group": 1, "uploaded_on": "2019-07-16T04:44:50.807Z"}}, {"model": "reader.chapter", "pk": 109, "fields": {"series": 1, "title": "The Student Council Isn't Alpha", "chapter_number": 48.0, "folder": "0048_v0jn89fz", "volume": 5, "group": 1, "uploaded_on": "2019-07-16T04:44:50.997Z"}}, {"model": "reader.chapter", "pk": 110, "fields": {"series": 1, "title": "Miyuki Shirogane Wants to Prepare", "chapter_number": 49.0, "folder": "0049_h324qk0s", "volume": 5, "group": 1, "uploaded_on": "2019-07-16T04:44:51.198Z"}}, {"model": "reader.chapter", "pk": 111, "fields": {"series": 1, "title": "Kaguya Wants to Eat", "chapter_number": 5.0, "folder": "0005_cdw47awo", "volume": 1, "group": 1, "uploaded_on": "2019-07-16T04:44:29.033Z"}}, {"model": "reader.chapter", "pk": 112, "fields": {"series": 1, "title": "Extra Chapter", "chapter_number": 5.5, "folder": "0005-5_efopqmvc", "volume": 1, "group": 1, "uploaded_on": "2019-07-16T04:44:29.575Z"}}, {"model": "reader.chapter", "pk": 113, "fields": {"series": 1, "title": "Nagisa Kashiwagi Can't Watch", "chapter_number": 50.0, "folder": "0050_ucynpyat", "volume": 5, "group": 1, "uploaded_on": "2019-07-16T04:44:51.389Z"}}, {"model": "reader.chapter", "pk": 114, "fields": {"series": 1, "title": "Volume 5 Extras", "chapter_number": 50.5, "folder": "0050-5_sa36xfjj", "volume": 5, "group": 1, "uploaded_on": "2019-07-16T04:44:51.670Z"}}, {"model": "reader.chapter", "pk": 115, "fields": {"series": 1, "title": "Kaguya Wants to Celebrate", "chapter_number": 51.0, "folder": "0051_luivu14c", "volume": 6, "group": 1, "uploaded_on": "2019-07-16T04:44:51.830Z"}}, {"model": "reader.chapter", "pk": 116, "fields": {"series": 1, "title": "Kaguya Wants to Ask", "chapter_number": 52.0, "folder": "0052_j2vtuyds", "volume": 6, "group": 1, "uploaded_on": "2019-07-16T04:44:52.021Z"}}, {"model": "reader.chapter", "pk": 117, "fields": {"series": 1, "title": "Kaguya Wants to Give", "chapter_number": 53.0, "folder": "0053_mvbvt0yf", "volume": 6, "group": 1, "uploaded_on": "2019-07-16T04:44:52.222Z"}}, {"model": "reader.chapter", "pk": 118, "fields": {"series": 1, "title": "Chika Fujiwara Wants to Confirm", "chapter_number": 54.0, "folder": "0054_lhloyxlv", "volume": 6, "group": 1, "uploaded_on": "2019-07-16T04:44:52.422Z"}}, {"model": "reader.chapter", "pk": 119, "fields": {"series": 1, "title": "Thus, Yu Ishigami Closed His Eyes, Part 1", "chapter_number": 55.0, "folder": "0055_kk7nz1yc", "volume": 6, "group": 1, "uploaded_on": "2019-07-16T04:44:52.613Z"}}, {"model": "reader.chapter", "pk": 120, "fields": {"series": 1, "title": "Miyuki Shirogane Wants to Gaze", "chapter_number": 56.0, "folder": "0056_bf1pjwwk", "volume": 6, "group": 1, "uploaded_on": "2019-07-16T04:44:52.793Z"}}, {"model": "reader.chapter", "pk": 121, "fields": {"series": 1, "title": "Kaguya Wants to Marry", "chapter_number": 57.0, "folder": "0057_t9rsgtsv", "volume": 6, "group": 1, "uploaded_on": "2019-07-16T04:44:52.984Z"}}, {"model": "reader.chapter", "pk": 122, "fields": {"series": 1, "title": "Ai Hayasaka Wants to Seduce", "chapter_number": 58.0, "folder": "0058_218sudcb", "volume": 6, "group": 1, "uploaded_on": "2019-07-16T04:44:53.296Z"}}, {"model": "reader.chapter", "pk": 123, "fields": {"series": 1, "title": "The 67th Student Council", "chapter_number": 59.0, "folder": "0059_7cr3i0li", "volume": 6, "group": 1, "uploaded_on": "2019-07-16T04:44:53.486Z"}}, {"model": "reader.chapter", "pk": 124, "fields": {"series": 1, "title": "Miyuki Shirogane Wants to Hide", "chapter_number": 6.0, "folder": "0006_39m83t09", "volume": 1, "group": 1, "uploaded_on": "2019-07-16T04:44:29.865Z"}}, {"model": "reader.chapter", "pk": 125, "fields": {"series": 1, "title": "Chapter 60", "chapter_number": 60.0, "folder": "0060_czp9isz6", "volume": 6, "group": 1, "uploaded_on": "2019-07-16T04:44:53.666Z"}}, {"model": "reader.chapter", "pk": 127, "fields": {"series": 1, "title": "Kaguya Wants a Confession", "chapter_number": 61.0, "folder": "0061_0khozd1y", "volume": 7, "group": 1, "uploaded_on": "2019-07-16T04:44:54.047Z"}}, {"model": "reader.chapter", "pk": 128, "fields": {"series": 1, "title": "Miyuki Shirogane Wants to Draw", "chapter_number": 62.0, "folder": "0062_2w0xg1l3", "volume": 7, "group": 1, "uploaded_on": "2019-07-16T04:44:54.249Z"}}, {"model": "reader.chapter", "pk": 129, "fields": {"series": 1, "title": "Miyuki Shirogane Wants to Be Popular", "chapter_number": 63.0, "folder": "0063_ebdfr8yq", "volume": 7, "group": 1, "uploaded_on": "2019-07-16T04:44:54.438Z"}}, {"model": "reader.chapter", "pk": 130, "fields": {"series": 1, "title": "Nagisa Kashiwagi Wants to Console", "chapter_number": 64.0, "folder": "0064_wcqrnjf1", "volume": 7, "group": 1, "uploaded_on": "2019-07-16T04:44:54.640Z"}}, {"model": "reader.chapter", "pk": 131, "fields": {"series": 1, "title": "Kaguya Wants to be Confessed to Darkness", "chapter_number": 64.5, "folder": "0064-5_mqw9wzxg", "volume": 7, "group": 1, "uploaded_on": "2019-07-16T04:44:54.971Z"}}, {"model": "reader.chapter", "pk": 132, "fields": {"series": 1, "title": "Miko Iino Wants to Correct", "chapter_number": 65.0, "folder": "0065_wrkc9uiq", "volume": 7, "group": 1, "uploaded_on": "2019-07-16T04:44:55.151Z"}}, {"model": "reader.chapter", "pk": 133, "fields": {"series": 1, "title": "Kaguya Wants to Eliminate", "chapter_number": 66.0, "folder": "0066_7v4uo4zb", "volume": 7, "group": 1, "uploaded_on": "2019-07-16T04:44:55.342Z"}}, {"model": "reader.chapter", "pk": 134, "fields": {"series": 1, "title": "Miko Iino Can't be Laughed At", "chapter_number": 67.0, "folder": "0067_b2j5wjac", "volume": 7, "group": 1, "uploaded_on": "2019-07-16T04:44:55.532Z"}}, {"model": "reader.chapter", "pk": 135, "fields": {"series": 1, "title": "I Want to Make Miko Iino Smile", "chapter_number": 68.0, "folder": "0068_k3lxxzwp", "volume": 7, "group": 1, "uploaded_on": "2019-07-16T04:44:55.713Z"}}, {"model": "reader.chapter", "pk": 136, "fields": {"series": 1, "title": "Kaguya Hasn't Been Called", "chapter_number": 69.0, "folder": "0069_e7asfx69", "volume": 7, "group": 1, "uploaded_on": "2019-07-16T04:44:55.904Z"}}, {"model": "reader.chapter", "pk": 137, "fields": {"series": 1, "title": "Fujiwara Wants to Go On a Trip", "chapter_number": 7.0, "folder": "0007_ihvctqxc", "volume": 1, "group": 1, "uploaded_on": "2019-07-16T04:44:30.428Z"}}, {"model": "reader.chapter", "pk": 138, "fields": {"series": 1, "title": "Kaguya Wants to Strip", "chapter_number": 70.0, "folder": "0070_h6xl03vl", "volume": 7, "group": 1, "uploaded_on": "2019-07-16T04:44:56.115Z"}}, {"model": "reader.chapter", "pk": 139, "fields": {"series": 1, "title": "Vol 7 Extras", "chapter_number": 70.1, "folder": "0070-1_0ufecz35", "volume": 7, "group": 3, "uploaded_on": "2019-07-16T04:44:56.306Z"}}, {"model": "reader.chapter", "pk": 141, "fields": {"series": 1, "title": "Miko Iino Wants to Restrain", "chapter_number": 72.0, "folder": "0072_l2662jd9", "volume": 8, "group": 1, "uploaded_on": "2019-07-16T04:44:56.666Z"}}, {"model": "reader.chapter", "pk": 142, "fields": {"series": 1, "title": "Miyuki Shirogane Wants to Read", "chapter_number": 73.0, "folder": "0073_18qocc5m", "volume": 8, "group": 2, "uploaded_on": "2019-07-16T04:44:56.859Z"}}, {"model": "reader.chapter", "pk": 143, "fields": {"series": 1, "title": "Kaguya \u2661 Aquarium", "chapter_number": 74.0, "folder": "0074_uet7r516", "volume": 8, "group": 2, "uploaded_on": "2019-07-16T04:44:57.068Z"}}, {"model": "reader.chapter", "pk": 144, "fields": {"series": 1, "title": "Kaguya Wants to Collect", "chapter_number": 75.0, "folder": "0075_01d6oi85", "volume": 8, "group": 2, "uploaded_on": "2019-07-16T04:44:57.299Z"}}, {"model": "reader.chapter", "pk": 145, "fields": {"series": 1, "title": "Nagisa Kashiwagi is Annoying", "chapter_number": 76.0, "folder": "0076_4n0lec72", "volume": 8, "group": 2, "uploaded_on": "2019-07-16T04:44:57.519Z"}}, {"model": "reader.chapter", "pk": 146, "fields": {"series": 1, "title": "Chika Fujiwara Wants to Get Information", "chapter_number": 77.0, "folder": "0077_efuajp7z", "volume": 8, "group": 2, "uploaded_on": "2019-07-16T04:44:57.710Z"}}, {"model": "reader.chapter", "pk": 147, "fields": {"series": 1, "title": "Kaguya Isn't Frightened", "chapter_number": 78.0, "folder": "0078_6ttx2z67", "volume": 8, "group": 2, "uploaded_on": "2019-07-16T04:44:57.921Z"}}, {"model": "reader.chapter", "pk": 148, "fields": {"series": 1, "title": "Kaguya Wants To Be Examined", "chapter_number": 79.0, "folder": "0079_cntxzmkz", "volume": 8, "group": 2, "uploaded_on": "2019-07-16T04:44:58.242Z"}}, {"model": "reader.chapter", "pk": 149, "fields": {"series": 1, "title": "Kaguya Wants to be Answered", "chapter_number": 8.0, "folder": "0008_619zwron", "volume": 1, "group": 1, "uploaded_on": "2019-07-16T04:44:31.009Z"}}, {"model": "reader.chapter", "pk": 150, "fields": {"series": 1, "title": "Thus, Yu Ishigami Closed His Eyes, Part 2", "chapter_number": 80.0, "folder": "0080_v6ey72t9", "volume": 8, "group": 2, "uploaded_on": "2019-07-16T04:44:58.432Z"}}, {"model": "reader.chapter", "pk": 151, "fields": {"series": 1, "title": "Vol 8 Extras", "chapter_number": 80.1, "folder": "0080-1_h2cgeqri", "volume": 8, "group": 3, "uploaded_on": "2019-07-16T04:44:58.623Z"}}, {"model": "reader.chapter", "pk": 153, "fields": {"series": 1, "title": "Kaguya Won't Refuse", "chapter_number": 82.0, "folder": "0082_0vrxxuhb", "volume": 9, "group": 2, "uploaded_on": "2019-07-16T04:44:58.814Z"}}, {"model": "reader.chapter", "pk": 154, "fields": {"series": 1, "title": "Kei Shirogane Won't Talk", "chapter_number": 83.0, "folder": "0083_pc6jn1r0", "volume": 9, "group": 2, "uploaded_on": "2019-07-16T04:44:59.004Z"}}, {"model": "reader.chapter", "pk": 155, "fields": {"series": 1, "title": "Special", "chapter_number": 83.5, "folder": "0083-5_wrgltgiu", "volume": 9, "group": 2, "uploaded_on": "2019-07-16T04:44:59.185Z"}}, {"model": "reader.chapter", "pk": 156, "fields": {"series": 1, "title": "Miyuki Shirogane Wants To Dance", "chapter_number": 84.0, "folder": "0084_8z287lk9", "volume": 9, "group": 2, "uploaded_on": "2019-07-16T04:44:59.375Z"}}, {"model": "reader.chapter", "pk": 157, "fields": {"series": 1, "title": "Kobachi Osaragi Wants to Supervise", "chapter_number": 85.0, "folder": "0085_3va6ydc2", "volume": 9, "group": 2, "uploaded_on": "2019-07-16T04:44:59.566Z"}}, {"model": "reader.chapter", "pk": 158, "fields": {"series": 1, "title": "Mr. Shirogane Wants to Pry", "chapter_number": 86.0, "folder": "0086_hgj377d7", "volume": 9, "group": 2, "uploaded_on": "2019-07-16T04:44:59.887Z"}}, {"model": "reader.chapter", "pk": 159, "fields": {"series": 1, "title": "Shuchin Sports Festival", "chapter_number": 87.0, "folder": "0087_eu61mal0", "volume": 9, "group": 2, "uploaded_on": "2019-07-16T04:45:00.078Z"}}, {"model": "reader.chapter", "pk": 160, "fields": {"series": 1, "title": "Thus, Yu Ishigami Closed His Eyes, Part 3", "chapter_number": 88.0, "folder": "0088_j81lnwnq", "volume": 9, "group": 2, "uploaded_on": "2019-07-16T04:45:00.259Z"}}, {"model": "reader.chapter", "pk": 162, "fields": {"series": 1, "title": "Kaguya Wants to Walk", "chapter_number": 9.0, "folder": "0009_b0nftgph", "volume": 1, "group": 1, "uploaded_on": "2019-07-16T04:44:31.712Z"}}, {"model": "reader.chapter", "pk": 273, "fields": {"series": 2, "title": "We Want to Talk About Relationship Flags", "chapter_number": 27.0, "folder": "0027_7ik6on07", "volume": 1, "group": 3, "uploaded_on": "2019-07-16T04:44:41.708Z"}}, {"model": "reader.chapter", "pk": 274, "fields": {"series": 2, "title": "We Want to Talk About Afterschool Activities with Secretary Fujiwara", "chapter_number": 26.0, "folder": "0026_gjxjr4w5", "volume": 1, "group": 3, "uploaded_on": "2019-07-16T04:44:41.338Z"}}, {"model": "reader.chapter", "pk": 275, "fields": {"series": 2, "title": "We Want to Talk About Club Activities", "chapter_number": 25.0, "folder": "0025_9z1zf08l", "volume": 1, "group": 3, "uploaded_on": "2019-07-16T04:44:40.843Z"}}, {"model": "reader.chapter", "pk": 276, "fields": {"series": 2, "title": "We Want to Talk to the Discipline Committee", "chapter_number": 24.0, "folder": "0024_jcdl37eq", "volume": 1, "group": 3, "uploaded_on": "2019-07-16T04:44:40.452Z"}}, {"model": "reader.chapter", "pk": 277, "fields": {"series": 2, "title": "We Want to Talk About Karen's Doubts", "chapter_number": 23.0, "folder": "0023_p167ylm3", "volume": 1, "group": 3, "uploaded_on": "2019-07-16T04:44:40.141Z"}}, {"model": "reader.chapter", "pk": 278, "fields": {"series": 2, "title": "We Want to Talk About Nail Art", "chapter_number": 22.0, "folder": "0022_tt4ss1xy", "volume": 1, "group": 3, "uploaded_on": "2019-07-16T04:44:39.729Z"}}, {"model": "reader.chapter", "pk": 279, "fields": {"series": 2, "title": "We Want to Talk About Our Thoughts on the Play", "chapter_number": 21.0, "folder": "0021_9281okul", "volume": 1, "group": 3, "uploaded_on": "2019-07-16T04:44:39.348Z"}}, {"model": "reader.chapter", "pk": 280, "fields": {"series": 2, "title": "I Can't Talk About the Big Scoop", "chapter_number": 20.0, "folder": "0020_ywpikg7r", "volume": 1, "group": 3, "uploaded_on": "2019-07-16T04:44:38.786Z"}}, {"model": "reader.chapter", "pk": 281, "fields": {"series": 2, "title": "We Want to Talk About the Divine Situation", "chapter_number": 19.0, "folder": "0019_t3whycxg", "volume": 1, "group": 3, "uploaded_on": "2019-07-16T04:44:38.415Z"}}, {"model": "reader.chapter", "pk": 282, "fields": {"series": 2, "title": "We Want to Talk About the Fanclub", "chapter_number": 18.0, "folder": "0018_06pbanrs", "volume": 1, "group": 3, "uploaded_on": "2019-07-16T04:44:37.912Z"}}, {"model": "reader.chapter", "pk": 283, "fields": {"series": 2, "title": "We Want to Talk About the Cultural Exchange", "chapter_number": 17.0, "folder": "0017_ushfnmd6", "volume": 1, "group": 3, "uploaded_on": "2019-07-16T04:44:37.353Z"}}, {"model": "reader.chapter", "pk": 284, "fields": {"series": 2, "title": "We Want to Talk About What Suits Kaguya", "chapter_number": 16.0, "folder": "0016_82bp8opp", "volume": 1, "group": 3, "uploaded_on": "2019-07-16T04:44:36.799Z"}}, {"model": "reader.chapter", "pk": 285, "fields": {"series": 2, "title": "We Want to Talk About Erika's Stress", "chapter_number": 15.0, "folder": "0015_32c0yz9n", "volume": 1, "group": 3, "uploaded_on": "2019-07-16T04:44:36.237Z"}}, {"model": "reader.chapter", "pk": 286, "fields": {"series": 2, "title": "We Want to Talk About the Bug's Intentions", "chapter_number": 14.0, "folder": "0014_jvnp22sy", "volume": 1, "group": 3, "uploaded_on": "2019-07-16T04:44:35.665Z"}}, {"model": "reader.chapter", "pk": 287, "fields": {"series": 2, "title": "I Want to Talk Using the Bible", "chapter_number": 13.0, "folder": "0013_rklwcuy9", "volume": 1, "group": 3, "uploaded_on": "2019-07-16T04:44:35.053Z"}}, {"model": "reader.chapter", "pk": 288, "fields": {"series": 2, "title": "We Want to Talk About the Bible", "chapter_number": 12.0, "folder": "0012_ntfl1quo", "volume": 1, "group": 3, "uploaded_on": "2019-07-16T04:44:34.361Z"}}, {"model": "reader.chapter", "pk": 289, "fields": {"series": 2, "title": "We Want to Give Words of Encouragement", "chapter_number": 11.0, "folder": "0011_jogmf1y6", "volume": 1, "group": 3, "uploaded_on": "2019-07-16T04:44:33.528Z"}}, {"model": "reader.chapter", "pk": 290, "fields": {"series": 2, "title": "Erica Kose's Serious Problem, Part 1", "chapter_number": 10.0, "folder": "0010_9ps7wtn6", "volume": 1, "group": 3, "uploaded_on": "2019-07-16T04:44:32.515Z"}}, {"model": "reader.chapter", "pk": 291, "fields": {"series": 2, "title": "I Want to Talk About the Lost Notebook", "chapter_number": 9.0, "folder": "0009_o0n3fbdw", "volume": 1, "group": 3, "uploaded_on": "2019-07-16T04:44:31.952Z"}}, {"model": "reader.chapter", "pk": 292, "fields": {"series": 2, "title": "We Want to Talk About the President's Charm", "chapter_number": 8.0, "folder": "0008_tgo5ol7d", "volume": 1, "group": 3, "uploaded_on": "2019-07-16T04:44:31.212Z"}}, {"model": "reader.chapter", "pk": 293, "fields": {"series": 2, "title": "We Want to Talk About Friendship", "chapter_number": 7.0, "folder": "0007_fvooe7ne", "volume": 1, "group": 3, "uploaded_on": "2019-07-16T04:44:30.618Z"}}, {"model": "reader.chapter", "pk": 294, "fields": {"series": 2, "title": "We Want to Talk About Our Lovestruck Friend", "chapter_number": 6.0, "folder": "0006_ni9ltxgl", "volume": 1, "group": 3, "uploaded_on": "2019-07-16T04:44:30.058Z"}}, {"model": "reader.chapter", "pk": 295, "fields": {"series": 2, "title": "We Want to Talk With Our Friends", "chapter_number": 5.0, "folder": "0005_uidhjc5x", "volume": 1, "group": 3, "uploaded_on": "2019-07-16T04:44:29.234Z"}}, {"model": "reader.chapter", "pk": 296, "fields": {"series": 2, "title": "We Want to Talk About Secretary Fujiwara", "chapter_number": 4.0, "folder": "0004_lw7cplta", "volume": 1, "group": 3, "uploaded_on": "2019-07-16T04:44:28.661Z"}}, {"model": "reader.chapter", "pk": 297, "fields": {"series": 2, "title": "I Want to Talk About My Obsession", "chapter_number": 3.0, "folder": "0003_u095r15f", "volume": 1, "group": 3, "uploaded_on": "2019-07-16T04:44:27.798Z"}}, {"model": "reader.chapter", "pk": 298, "fields": {"series": 2, "title": "I Want to Talk About the Movie Date", "chapter_number": 2.0, "folder": "0002_2k7uheny", "volume": 1, "group": 3, "uploaded_on": "2019-07-16T04:44:27.217Z"}}, {"model": "reader.chapter", "pk": 299, "fields": {"series": 2, "title": "The Mass Media Club Wants to Talk", "chapter_number": 1.0, "folder": "0001_562mqswo", "volume": 1, "group": 3, "uploaded_on": "2019-07-16T04:44:26.635Z"}}, {"model": "reader.chapter", "pk": 319, "fields": {"series": 2, "title": "We Want to Talk About Gossip", "chapter_number": 45.0, "folder": "0045_l6c5vyv2", "volume": 1, "group": 2, "uploaded_on": "2019-07-16T04:44:50.245Z"}}, {"model": "reader.chapter", "pk": 320, "fields": {"series": 2, "title": "We Want to Talk About the Relationship of Those Two", "chapter_number": 44.0, "folder": "0044_xl25jksx", "volume": 1, "group": 2, "uploaded_on": "2019-07-16T04:44:49.543Z"}}, {"model": "reader.chapter", "pk": 321, "fields": {"series": 2, "title": "We Want to Talk About Guilt", "chapter_number": 43.0, "folder": "0043_4qesnofb", "volume": 1, "group": 2, "uploaded_on": "2019-07-16T04:44:49.151Z"}}, {"model": "reader.chapter", "pk": 322, "fields": {"series": 2, "title": "We Want to Talk About Electives", "chapter_number": 42.0, "folder": "0042_8lmiukw2", "volume": 1, "group": 2, "uploaded_on": "2019-07-16T04:44:48.759Z"}}, {"model": "reader.chapter", "pk": 324, "fields": {"series": 2, "title": "We Want to Talk About the Night of the Fireworks", "chapter_number": 40.0, "folder": "0040_8vzqqa23", "volume": 1, "group": 2, "uploaded_on": "2019-07-16T04:44:47.665Z"}}, {"model": "reader.chapter", "pk": 325, "fields": {"series": 2, "title": "We Want to talk about the Summer's Sex Appeal", "chapter_number": 39.0, "folder": "0039_ol18frtf", "volume": 1, "group": 2, "uploaded_on": "2019-07-16T04:44:47.334Z"}}, {"model": "reader.chapter", "pk": 326, "fields": {"series": 2, "title": "We Want to Talk About Ramen", "chapter_number": 38.0, "folder": "0038_rlnq1c9m", "volume": 1, "group": 2, "uploaded_on": "2019-07-16T04:44:46.983Z"}}, {"model": "reader.chapter", "pk": 327, "fields": {"series": 2, "title": "We Want to Talk About Twitter", "chapter_number": 37.0, "folder": "0037_padjrbyp", "volume": 1, "group": 2, "uploaded_on": "2019-07-16T04:44:46.592Z"}}, {"model": "reader.chapter", "pk": 328, "fields": {"series": 2, "title": "We Want to Talk About The Lack Of Kaguya-sama", "chapter_number": 36.0, "folder": "0036_wmt9opbk", "volume": 1, "group": 2, "uploaded_on": "2019-07-16T04:44:46.080Z"}}, {"model": "reader.chapter", "pk": 329, "fields": {"series": 2, "title": "We want to talk about planning a mixer", "chapter_number": 35.0, "folder": "0035_qh35mml1", "volume": 1, "group": 2, "uploaded_on": "2019-07-16T04:44:45.710Z"}}, {"model": "reader.chapter", "pk": 330, "fields": {"series": 2, "title": "We Can't Talk About the Godly Situation", "chapter_number": 34.0, "folder": "0034_s2olgsq7", "volume": 1, "group": 2, "uploaded_on": "2019-07-16T04:44:45.338Z"}}, {"model": "reader.chapter", "pk": 331, "fields": {"series": 2, "title": "We Want to Talk About How to Get a Boyfriend", "chapter_number": 33.0, "folder": "0033_xeom34t9", "volume": 1, "group": 2, "uploaded_on": "2019-07-16T04:44:44.957Z"}}, {"model": "reader.chapter", "pk": 332, "fields": {"series": 2, "title": "Erika Kose's Serious Problem, Part 2", "chapter_number": 32.0, "folder": "0032_sczxuvbt", "volume": 1, "group": 2, "uploaded_on": "2019-07-16T04:44:44.455Z"}}, {"model": "reader.chapter", "pk": 333, "fields": {"series": 2, "title": "We Can't Talk About the New Ghost Story", "chapter_number": 31.0, "folder": "0031_56x8ekuv", "volume": 1, "group": 2, "uploaded_on": "2019-07-16T04:44:44.083Z"}}, {"model": "reader.chapter", "pk": 334, "fields": {"series": 2, "title": "We Want to Talk About Karen's New Work", "chapter_number": 30.0, "folder": "0030_6lb50k99", "volume": 1, "group": 2, "uploaded_on": "2019-07-16T04:44:43.543Z"}}, {"model": "reader.chapter", "pk": 335, "fields": {"series": 2, "title": "We Want to Talk about Psychological Tests", "chapter_number": 29.0, "folder": "0029_nkucly0n", "volume": 1, "group": 2, "uploaded_on": "2019-07-16T04:44:43.162Z"}}, {"model": "reader.chapter", "pk": 336, "fields": {"series": 2, "title": "Extra: We Want to Talk About What Someone Dropped in the Early Morning", "chapter_number": 28.5, "folder": "0028-5_dl9dp6y0", "volume": 1, "group": 2, "uploaded_on": "2019-07-16T04:44:42.489Z"}}, {"model": "reader.chapter", "pk": 337, "fields": {"series": 2, "title": "We Want to Talk About Studying for Exams", "chapter_number": 28.0, "folder": "0028_ds0d0xex", "volume": 1, "group": 2, "uploaded_on": "2019-07-16T04:44:42.287Z"}}, {"model": "reader.chapter", "pk": 361, "fields": {"series": 1, "title": "Kaguya Shinomiya's Impossible Challenge: \"The Swallow's Cowry\" (Part 2)", "chapter_number": 154.0, "folder": "0154_i5ephvjd", "volume": 16, "group": 3, "uploaded_on": "2019-07-16T04:45:16.082Z"}}, {"model": "reader.chapter", "pk": 362, "fields": {"series": 1, "title": "The Swallow's Cowry (Ice)", "chapter_number": 153.0, "folder": "0153_b4m2qitv", "volume": 16, "group": 3, "uploaded_on": "2019-07-16T04:45:15.902Z"}}, {"model": "reader.chapter", "pk": 363, "fields": {"series": 1, "title": "Nagisa Kashiwagi Wants to Conceal", "chapter_number": 152.0, "folder": "0152_s5bfwmdf", "volume": 16, "group": 3, "uploaded_on": "2019-07-16T04:45:15.711Z"}}, {"model": "reader.chapter", "pk": 364, "fields": {"series": 1, "title": "The First Kiss Never Ends", "chapter_number": 151.0, "folder": "0151_g7oxkdtv", "volume": 15, "group": 3, "uploaded_on": "2019-07-16T04:45:15.521Z"}}, {"model": "reader.chapter", "pk": 365, "fields": {"series": 1, "title": "A Normal Romance", "chapter_number": 150.0, "folder": "0150_eau8us8q", "volume": 15, "group": 3, "uploaded_on": "2019-07-16T04:45:15.330Z"}}, {"model": "reader.chapter", "pk": 366, "fields": {"series": 1, "title": "Kaguya Thinks It's Fine", "chapter_number": 149.0, "folder": "0149_hbquo69h", "volume": 15, "group": 3, "uploaded_on": "2019-07-16T04:45:15.139Z"}}, {"model": "reader.chapter", "pk": 367, "fields": {"series": 1, "title": "Kaguya Wants to Confess (Ice) (Digital)", "chapter_number": 148.1, "folder": "0148-1_1frr44pa", "volume": 15, "group": 3, "uploaded_on": "2019-07-16T04:45:14.949Z"}}, {"model": "reader.chapter", "pk": 368, "fields": {"series": 1, "title": "Kaguya Wants to Confess (Ice)", "chapter_number": 148.0, "folder": "0148_7bdrmkg0", "volume": 15, "group": 3, "uploaded_on": "2019-07-16T04:45:14.647Z"}}, {"model": "reader.chapter", "pk": 369, "fields": {"series": 1, "title": "Our Personas (Shirogane, Part 1) (Digital)", "chapter_number": 147.1, "folder": "0147-1_36u6q8vh", "volume": 15, "group": 3, "uploaded_on": "2019-07-16T04:45:14.447Z"}}, {"model": "reader.chapter", "pk": 370, "fields": {"series": 1, "title": "Our Personas (Shirogane, Part 1)", "chapter_number": 147.0, "folder": "0147_j82o1lh6", "volume": 15, "group": 3, "uploaded_on": "2019-07-16T04:45:14.256Z"}}, {"model": "reader.chapter", "pk": 371, "fields": {"series": 1, "title": "Our Personas (Kaguya, Part 1)", "chapter_number": 146.0, "folder": "0146_jbn7idla", "volume": 15, "group": 3, "uploaded_on": "2019-07-16T04:45:14.056Z"}}, {"model": "reader.chapter", "pk": 372, "fields": {"series": 1, "title": "Kaguya Wants to Eat (Ice)", "chapter_number": 145.0, "folder": "0145_ucz2tfhu", "volume": 15, "group": 3, "uploaded_on": "2019-07-16T04:45:13.866Z"}}, {"model": "reader.chapter", "pk": 373, "fields": {"series": 1, "title": "Kaguya Wants to Confide (Ice)", "chapter_number": 144.0, "folder": "0144_ssyn0lzn", "volume": 15, "group": 3, "uploaded_on": "2019-07-16T04:45:13.685Z"}}, {"model": "reader.chapter", "pk": 374, "fields": {"series": 1, "title": "Kaguya Wants To Be Noticed (Ice)", "chapter_number": 143.0, "folder": "0143_r4bfw6xa", "volume": 15, "group": 3, "uploaded_on": "2019-07-16T04:45:13.494Z"}}, {"model": "reader.chapter", "pk": 375, "fields": {"series": 1, "title": "Regarding Kaguya Shinomiya, Part 4", "chapter_number": 142.0, "folder": "0142_g7xrnty4", "volume": 15, "group": 3, "uploaded_on": "2019-07-16T04:45:13.313Z"}}, {"model": "reader.chapter", "pk": 376, "fields": {"series": 1, "title": "Vol 14 Extras", "chapter_number": 141.1, "folder": "0141-1_t05zrsyw", "volume": 14, "group": 3, "uploaded_on": "2019-07-16T04:45:12.992Z"}}, {"model": "reader.chapter", "pk": 377, "fields": {"series": 1, "title": "Regarding Kaguya Shinomiya, Part 3", "chapter_number": 141.0, "folder": "0141_x9ywr2px", "volume": 14, "group": 3, "uploaded_on": "2019-07-16T04:45:12.801Z"}}, {"model": "reader.chapter", "pk": 378, "fields": {"series": 1, "title": "Miko Iino Wants to Talk", "chapter_number": 140.0, "folder": "0140_27hzosgq", "volume": 14, "group": 3, "uploaded_on": "2019-07-16T04:45:12.611Z"}}, {"model": "reader.chapter", "pk": 379, "fields": {"series": 1, "title": "Miyuki Shirogane Wants to Discuss", "chapter_number": 139.0, "folder": "0139_0t530sl1", "volume": 14, "group": 3, "uploaded_on": "2019-07-16T04:45:12.380Z"}}, {"model": "reader.chapter", "pk": 380, "fields": {"series": 1, "title": "Kaguya Wants to Explain", "chapter_number": 138.0, "folder": "0138_cnsltoog", "volume": 14, "group": 3, "uploaded_on": "2019-07-16T04:45:12.179Z"}}, {"model": "reader.chapter", "pk": 381, "fields": {"series": 1, "title": "The Shuchiin Afterparty", "chapter_number": 137.0, "folder": "0137_zbxj7yc0", "volume": 14, "group": 3, "uploaded_on": "2019-07-16T04:45:11.999Z"}}, {"model": "reader.chapter", "pk": 382, "fields": {"series": 1, "title": "Dual Confessions, Part 3", "chapter_number": 136.0, "folder": "0136_80xfd62s", "volume": 14, "group": 3, "uploaded_on": "2019-07-16T04:45:11.808Z"}}, {"model": "reader.chapter", "pk": 383, "fields": {"series": 1, "title": "Dual Confessions, Part 2", "chapter_number": 135.0, "folder": "0135_1utmakfc", "volume": 14, "group": 3, "uploaded_on": "2019-07-16T04:45:11.617Z"}}, {"model": "reader.chapter", "pk": 384, "fields": {"series": 1, "title": "Dual Confessions, Part 1", "chapter_number": 134.0, "folder": "0134_je70o3bp", "volume": 14, "group": 3, "uploaded_on": "2019-07-16T04:45:11.437Z"}}, {"model": "reader.chapter", "pk": 385, "fields": {"series": 1, "title": "Kaguya Wants to Confess, Part 3", "chapter_number": 133.0, "folder": "0133_twhv8ggn", "volume": 14, "group": 3, "uploaded_on": "2019-07-16T04:45:11.226Z"}}, {"model": "reader.chapter", "pk": 386, "fields": {"series": 1, "title": "Kaguya Wants to Confess, Part 2", "chapter_number": 132.0, "folder": "0132_boqwtlp1", "volume": 14, "group": 3, "uploaded_on": "2019-07-16T04:45:11.046Z"}}, {"model": "reader.chapter", "pk": 387, "fields": {"series": 1, "title": "Vol 13 Extras", "chapter_number": 131.1, "folder": "0131-1_d79wsosa", "volume": 13, "group": 3, "uploaded_on": "2019-07-16T04:45:10.856Z"}}, {"model": "reader.chapter", "pk": 388, "fields": {"series": 1, "title": "Miyuki Shirogane Wants to Be Confessed to, Part 5", "chapter_number": 131.0, "folder": "0131_503fd8z0", "volume": 13, "group": 3, "uploaded_on": "2019-07-16T04:45:10.644Z"}}, {"model": "reader.chapter", "pk": 389, "fields": {"series": 1, "title": "Tsubame Koyasu Wants to Turn Him Down", "chapter_number": 130.0, "folder": "0130_bn2ijgsl", "volume": 13, "group": 3, "uploaded_on": "2019-07-16T04:45:10.424Z"}}, {"model": "reader.chapter", "pk": 390, "fields": {"series": 1, "title": "Miyuki Shirogane Wants to Be Confessed to, Part 4", "chapter_number": 129.0, "folder": "0129_xrnkw2ak", "volume": 13, "group": 3, "uploaded_on": "2019-07-16T04:45:10.233Z"}}, {"model": "reader.chapter", "pk": 391, "fields": {"series": 1, "title": "Kaguya Wants to Shoot Them Down", "chapter_number": 128.0, "folder": "0128_gm0ns4i6", "volume": 13, "group": 3, "uploaded_on": "2019-07-16T04:45:10.042Z"}}, {"model": "reader.chapter", "pk": 392, "fields": {"series": 1, "title": "Miyuki Shirogane's Culture Festival", "chapter_number": 127.0, "folder": "0127_94ojkd0w", "volume": 13, "group": 3, "uploaded_on": "2019-07-16T04:45:09.741Z"}}, {"model": "reader.chapter", "pk": 393, "fields": {"series": 1, "title": "Chika Fujiwara Wants to Set the Record Straight", "chapter_number": 126.0, "folder": "0126_rmzqkoax", "volume": 13, "group": 3, "uploaded_on": "2019-07-16T04:45:09.581Z"}}, {"model": "reader.chapter", "pk": 394, "fields": {"series": 1, "title": "Kozue Makihara Wants to Play", "chapter_number": 125.0, "folder": "0125_9vgmfvf9", "volume": 13, "group": 3, "uploaded_on": "2019-07-16T04:45:09.390Z"}}, {"model": "reader.chapter", "pk": 395, "fields": {"series": 1, "title": "Yu Ishigami's Culture Festival", "chapter_number": 124.0, "folder": "0124_7snb2m4v", "volume": 13, "group": 3, "uploaded_on": "2019-07-16T04:45:09.209Z"}}, {"model": "reader.chapter", "pk": 396, "fields": {"series": 1, "title": "Kaguya's Culture Festival", "chapter_number": 123.0, "folder": "0123_g4llsaef", "volume": 13, "group": 3, "uploaded_on": "2019-07-16T04:45:09.019Z"}}, {"model": "reader.chapter", "pk": 397, "fields": {"series": 1, "title": "Kaguya Wants to Confess", "chapter_number": 122.0, "folder": "0122_t4wq90bv", "volume": 13, "group": 3, "uploaded_on": "2019-07-16T04:45:08.808Z"}}, {"model": "reader.chapter", "pk": 398, "fields": {"series": 1, "title": "Vol 12 Extras", "chapter_number": 121.1, "folder": "0121-1_njf4ycqk", "volume": 12, "group": 3, "uploaded_on": "2019-07-16T04:45:08.618Z"}}, {"model": "reader.chapter", "pk": 399, "fields": {"series": 1, "title": "Freshman Year, Spring", "chapter_number": 121.0, "folder": "0121_hemtmng3", "volume": 12, "group": 3, "uploaded_on": "2019-07-16T04:45:08.416Z"}}, {"model": "reader.chapter", "pk": 400, "fields": {"series": 1, "title": "Regarding Kaguya Shinomiya, Part 2", "chapter_number": 120.0, "folder": "0120_o0y1vjiy", "volume": 12, "group": 3, "uploaded_on": "2019-07-16T04:45:07.762Z"}}, {"model": "reader.chapter", "pk": 401, "fields": {"series": 1, "title": "Kei Shirogane Wants to Show Off", "chapter_number": 119.0, "folder": "0119_o3g902qr", "volume": 12, "group": 3, "uploaded_on": "2019-07-16T04:45:07.586Z"}}, {"model": "reader.chapter", "pk": 402, "fields": {"series": 1, "title": "Miyuki Shirogane Wants to Expand", "chapter_number": 118.0, "folder": "0118_fzcl7hep", "volume": 12, "group": 3, "uploaded_on": "2019-07-16T04:45:07.393Z"}}, {"model": "reader.chapter", "pk": 403, "fields": {"series": 1, "title": "Chika Fujiwara Wants to Fight", "chapter_number": 117.0, "folder": "0117_a8kh4rxm", "volume": 12, "group": 3, "uploaded_on": "2019-07-16T04:45:07.213Z"}}, {"model": "reader.chapter", "pk": 404, "fields": {"series": 1, "title": "We Want to Talk About the Culture Festival", "chapter_number": 116.0, "folder": "0116_outlxs8k", "volume": 12, "group": 3, "uploaded_on": "2019-07-16T04:45:07.022Z"}}, {"model": "reader.chapter", "pk": 405, "fields": {"series": 1, "title": "Miko Iino Cannot Love, Part 1", "chapter_number": 115.0, "folder": "0115_nv5mkgod", "volume": 12, "group": 3, "uploaded_on": "2019-07-16T04:45:06.831Z"}}, {"model": "reader.chapter", "pk": 406, "fields": {"series": 1, "title": "Miyuki Shirogane Wants to be Confessed to, Part 3", "chapter_number": 114.0, "folder": "0114_qvir9y97", "volume": 12, "group": 3, "uploaded_on": "2019-07-16T04:45:06.631Z"}}, {"model": "reader.chapter", "pk": 407, "fields": {"series": 1, "title": "Miyuki Shirogane Wants to Be Confessed to, Part 2", "chapter_number": 113.0, "folder": "0113_1fzgz3l3", "volume": 12, "group": 3, "uploaded_on": "2019-07-16T04:45:06.309Z"}}, {"model": "reader.chapter", "pk": 408, "fields": {"series": 1, "title": "Miyuki Shirogane Wants to Be Confessed to, Part 1", "chapter_number": 112.0, "folder": "0112_k8miktd2", "volume": 12, "group": 3, "uploaded_on": "2019-07-16T04:45:06.109Z"}}, {"model": "reader.chapter", "pk": 409, "fields": {"series": 1, "title": "Vol 11 Extras", "chapter_number": 111.1, "folder": "0111-1_x1oc9802", "volume": 11, "group": 3, "uploaded_on": "2019-07-16T04:45:05.879Z"}}, {"model": "reader.chapter", "pk": 410, "fields": {"series": 1, "title": "The Student Council Wants to Advance", "chapter_number": 111.0, "folder": "0111_6vy9qb9g", "volume": 11, "group": 3, "uploaded_on": "2019-07-16T04:45:05.677Z"}}, {"model": "reader.chapter", "pk": 411, "fields": {"series": 1, "title": "Yu Ishigami Wants to Talk", "chapter_number": 110.0, "folder": "0110_cg6wnp1y", "volume": 11, "group": 3, "uploaded_on": "2019-07-16T04:45:05.486Z"}}, {"model": "reader.chapter", "pk": 412, "fields": {"series": 1, "title": "K-agukoku!", "chapter_number": 109.1, "folder": "0109-1_q8nbwkih", "volume": 11, "group": 3, "uploaded_on": "2019-07-16T04:45:05.296Z"}}, {"model": "reader.chapter", "pk": 413, "fields": {"series": 1, "title": "Maki Shijo Wants to Ask for Help", "chapter_number": 109.0, "folder": "0109_6pbhtefv", "volume": 11, "group": 3, "uploaded_on": "2019-07-16T04:45:05.106Z"}}, {"model": "reader.chapter", "pk": 414, "fields": {"series": 1, "title": "Ai Hayasaka Wants to Say Something", "chapter_number": 108.0, "folder": "0108_9wif2z4j", "volume": 11, "group": 3, "uploaded_on": "2019-07-16T04:45:04.925Z"}}, {"model": "reader.chapter", "pk": 415, "fields": {"series": 1, "title": "Chika Fujiwara Wants to Keep the Beat", "chapter_number": 107.0, "folder": "0107_kzg6nk80", "volume": 11, "group": 3, "uploaded_on": "2019-07-16T04:45:04.644Z"}}, {"model": "reader.chapter", "pk": 416, "fields": {"series": 1, "title": "Chika Fujiwara Wants to Sleep Over", "chapter_number": 106.0, "folder": "0106_kgmcrtsl", "volume": 11, "group": 3, "uploaded_on": "2019-07-16T04:45:04.463Z"}}, {"model": "reader.chapter", "pk": 417, "fields": {"series": 1, "title": "Yu Ishigami Wants to Answer", "chapter_number": 105.0, "folder": "0105_hsaee7sa", "volume": 11, "group": 3, "uploaded_on": "2019-07-16T04:45:04.232Z"}}, {"model": "reader.chapter", "pk": 418, "fields": {"series": 1, "title": "Kaguya Shinomiya's Impossible Challenge: \"The Swallow's Cowry\" (Part 1)", "chapter_number": 104.0, "folder": "0104_p9ue6w88", "volume": 11, "group": 3, "uploaded_on": "2019-07-16T04:45:04.051Z"}}, {"model": "reader.chapter", "pk": 419, "fields": {"series": 1, "title": "Miyuki Shirogane Wants to Mediate", "chapter_number": 103.0, "folder": "0103_vs6413i4", "volume": 11, "group": 3, "uploaded_on": "2019-07-16T04:45:03.841Z"}}, {"model": "reader.chapter", "pk": 420, "fields": {"series": 1, "title": "Kaguya-sama Doesn't Realize", "chapter_number": 102.0, "folder": "0102_ua1dt8jn", "volume": 11, "group": 3, "uploaded_on": "2019-07-16T04:45:03.640Z"}}, {"model": "reader.chapter", "pk": 421, "fields": {"series": 1, "title": "Vol 10 Extras", "chapter_number": 101.1, "folder": "0101-1_5wqvdc9v", "volume": 10, "group": 3, "uploaded_on": "2019-07-16T04:45:03.450Z"}}, {"model": "reader.chapter", "pk": 422, "fields": {"series": 1, "title": "The Student Council Wants to be Photographed", "chapter_number": 101.0, "folder": "0101_scqgr7x9", "volume": 10, "group": 3, "uploaded_on": "2019-07-16T04:45:03.259Z"}}, {"model": "reader.chapter", "pk": 423, "fields": {"series": 1, "title": "The Student Council Wants to be Photographed", "chapter_number": 100.0, "folder": "0100_wbji21pm", "volume": 10, "group": 3, "uploaded_on": "2019-07-16T04:45:02.968Z"}}, {"model": "reader.chapter", "pk": 424, "fields": {"series": 1, "title": "Miyuki Shirogane Wants to Be Trusted", "chapter_number": 99.0, "folder": "0099_01udzeg0", "volume": 10, "group": 3, "uploaded_on": "2019-07-16T04:45:02.800Z"}}, {"model": "reader.chapter", "pk": 425, "fields": {"series": 1, "title": "Maki Shijo Wants to Do Something, Somehow", "chapter_number": 98.0, "folder": "0098_wobwcwbh", "volume": 10, "group": 3, "uploaded_on": "2019-07-16T04:45:02.598Z"}}, {"model": "reader.chapter", "pk": 426, "fields": {"series": 1, "title": "Nagisa Kashiwagi Wants to Put Him to Death", "chapter_number": 97.0, "folder": "0097_j2us5tk5", "volume": 10, "group": 3, "uploaded_on": "2019-07-16T04:45:02.437Z"}}, {"model": "reader.chapter", "pk": 427, "fields": {"series": 1, "title": "Kaguya Wants to Feed Him", "chapter_number": 96.0, "folder": "0096_i560pf6k", "volume": 10, "group": 3, "uploaded_on": "2019-07-16T04:45:02.235Z"}}, {"model": "reader.chapter", "pk": 428, "fields": {"series": 1, "title": "Miko Iino Wants to Be Soothed", "chapter_number": 95.0, "folder": "0095_k9hqgn0w", "volume": 10, "group": 3, "uploaded_on": "2019-07-16T04:45:02.056Z"}}, {"model": "reader.chapter", "pk": 429, "fields": {"series": 1, "title": "Kaguya Wants to Interrupt", "chapter_number": 94.0, "folder": "0094_au9lg64u", "volume": 10, "group": 3, "uploaded_on": "2019-07-16T04:45:01.865Z"}}, {"model": "reader.chapter", "pk": 430, "fields": {"series": 1, "title": "Kaguya Wants to Take Him Out", "chapter_number": 93.0, "folder": "0093_274b3a2a", "volume": 10, "group": 3, "uploaded_on": "2019-07-16T04:45:01.684Z"}}, {"model": "reader.chapter", "pk": 431, "fields": {"series": 1, "title": "I Want to Make Kaguya Blush", "chapter_number": 92.0, "folder": "0092_ylvpwmgq", "volume": 10, "group": 3, "uploaded_on": "2019-07-16T04:45:01.212Z"}}, {"model": "reader.chapter", "pk": 432, "fields": {"series": 1, "title": "Vol 9 Extras", "chapter_number": 91.1, "folder": "0091-1_ywt56wo0", "volume": 9, "group": 3, "uploaded_on": "2019-07-16T04:45:01.032Z"}}, {"model": "reader.chapter", "pk": 433, "fields": {"series": 1, "title": "Chika Fujiwara Wants to Make It Swell", "chapter_number": 91.0, "folder": "0091_wsbu58yl", "volume": 9, "group": 3, "uploaded_on": "2019-07-16T04:45:00.821Z"}}, {"model": "reader.chapter", "pk": 434, "fields": {"series": 1, "title": "Kyoko Ootomo Doesn't Realize", "chapter_number": 90.0, "folder": "0090_c0aa08qm", "volume": 9, "group": 3, "uploaded_on": "2019-07-16T04:45:00.630Z"}}, {"model": "reader.chapter", "pk": 435, "fields": {"series": 1, "title": "Miyuki Shirogane and Yu Ishigami", "chapter_number": 89.0, "folder": "0089_7kw5m1jo", "volume": 9, "group": 3, "uploaded_on": "2019-07-16T04:45:00.449Z"}}, {"model": "reader.chapter", "pk": 436, "fields": {"series": 1, "title": "Vol 6 Extras", "chapter_number": 60.1, "folder": "0060-1_sn56xsiv", "volume": 6, "group": 3, "uploaded_on": "2019-07-16T04:44:53.858Z"}}, {"model": "reader.chapter", "pk": 440, "fields": {"series": 3, "title": "Maki Shijo Wants to Tie the Knot", "chapter_number": 14.0, "folder": "0014_djky2iic", "volume": 2, "group": 3, "uploaded_on": "2019-07-16T04:44:35.856Z"}}, {"model": "reader.chapter", "pk": 441, "fields": {"series": 3, "title": "The Student Council Swaps Bodies", "chapter_number": 13.0, "folder": "0013_cpn8w25s", "volume": 2, "group": 3, "uploaded_on": "2019-07-16T04:44:35.263Z"}}, {"model": "reader.chapter", "pk": 442, "fields": {"series": 3, "title": "We Want to Tell the Tale of Momotaro", "chapter_number": 12.0, "folder": "0012_1h204hhl", "volume": 2, "group": 3, "uploaded_on": "2019-07-16T04:44:34.542Z"}}, {"model": "reader.chapter", "pk": 443, "fields": {"series": 3, "title": "Miyuki Shirogane Wants to See Swimsuits", "chapter_number": 11.1, "folder": "0011-1_joeva73i", "volume": 2, "group": 3, "uploaded_on": "2019-07-16T04:44:33.969Z"}}, {"model": "reader.chapter", "pk": 444, "fields": {"series": 3, "title": "Yu Ishigami Wants to Write a Book Report", "chapter_number": 11.0, "folder": "0011_yffrz07m", "volume": 2, "group": 3, "uploaded_on": "2019-07-16T04:44:33.789Z"}}, {"model": "reader.chapter", "pk": 445, "fields": {"series": 3, "title": "Miko Iino Wants to Dream", "chapter_number": 10.0, "folder": "0010_nekbdjxc", "volume": 1, "group": 3, "uploaded_on": "2019-07-16T04:44:32.705Z"}}, {"model": "reader.chapter", "pk": 446, "fields": {"series": 3, "title": "Chika Fujiwara Wants to Fool Around", "chapter_number": 9.0, "folder": "0009_95yls3su", "volume": 1, "group": 3, "uploaded_on": "2019-07-16T04:44:32.143Z"}}, {"model": "reader.chapter", "pk": 447, "fields": {"series": 3, "title": "Miyuki Shirogane Wants to Take a Bath", "chapter_number": 8.0, "folder": "0008_fuks8vml", "volume": 1, "group": 3, "uploaded_on": "2019-07-16T04:44:31.524Z"}}, {"model": "reader.chapter", "pk": 448, "fields": {"series": 3, "title": "Kei Shirogane Wants to Relax", "chapter_number": 7.0, "folder": "0007_4oijnef1", "volume": 1, "group": 3, "uploaded_on": "2019-07-16T04:44:30.819Z"}}, {"model": "reader.chapter", "pk": 449, "fields": {"series": 3, "title": "Kaguya Wants to Wear a Bra", "chapter_number": 6.0, "folder": "0006_05xzuvuu", "volume": 1, "group": 3, "uploaded_on": "2019-07-16T04:44:30.237Z"}}, {"model": "reader.chapter", "pk": 450, "fields": {"series": 3, "title": "Yu Ishigami Wants to Hug", "chapter_number": 5.0, "folder": "0005_n0qp3to9", "volume": 1, "group": 3, "uploaded_on": "2019-07-16T04:44:29.385Z"}}, {"model": "reader.chapter", "pk": 451, "fields": {"series": 3, "title": "Miko Iino Wants to Crack Down", "chapter_number": 4.0, "folder": "0004_5ko9k1lj", "volume": 1, "group": 3, "uploaded_on": "2019-07-16T04:44:28.842Z"}}, {"model": "reader.chapter", "pk": 452, "fields": {"series": 3, "title": "Fujiwara-chan Wants to Play with a Hypnosis App", "chapter_number": 3.0, "folder": "0003_53y7y1d1", "volume": 1, "group": 3, "uploaded_on": "2019-07-16T04:44:28.291Z"}}, {"model": "reader.chapter", "pk": 453, "fields": {"series": 3, "title": "The Fujiwara Sisters Want to Punish", "chapter_number": 2.0, "folder": "0002_cwh4c6fw", "volume": 1, "group": 3, "uploaded_on": "2019-07-16T04:44:27.408Z"}}, {"model": "reader.chapter", "pk": 454, "fields": {"series": 3, "title": "The Student Council Boys Want to Tell Her", "chapter_number": 1.0, "folder": "0001_j2xfu21q", "volume": 1, "group": 3, "uploaded_on": "2019-07-16T04:44:26.825Z"}}, {"model": "reader.chapter", "pk": 455, "fields": {"series": 1, "title": "Kaguya Wants to Produce", "chapter_number": 71.0, "folder": "0071_60avg0ys", "volume": 8, "group": 1, "uploaded_on": "2019-07-16T04:44:56.487Z"}}, {"model": "reader.chapter", "pk": 459, "fields": {"series": 3, "title": "Chika Fujiwara Wants to Visit", "chapter_number": 17.0, "folder": "0017_707s0k9z", "volume": 2, "group": 3, "uploaded_on": "2019-07-16T04:44:37.542Z"}}, {"model": "reader.chapter", "pk": 460, "fields": {"series": 3, "title": "Ai Hayasaka Wants to Drink with Shirogane-sensei", "chapter_number": 16.0, "folder": "0016_7gaszsp3", "volume": 2, "group": 3, "uploaded_on": "2019-07-16T04:44:36.980Z"}}, {"model": "reader.chapter", "pk": 461, "fields": {"series": 3, "title": "Miyuki Shirogane Wants to Nurture Kindergarteners", "chapter_number": 15.0, "folder": "0015_hjt5zsqy", "volume": 2, "group": 3, "uploaded_on": "2019-07-16T04:44:36.427Z"}}, {"model": "reader.chapter", "pk": 462, "fields": {"series": 2, "title": "Erika Kose's Serious Problem, Part 3", "chapter_number": 41.0, "folder": "0041_jsahthki", "volume": 1, "group": 2, "uploaded_on": "2019-07-16T04:44:48.388Z"}}, {"model": "reader.chapter", "pk": 463, "fields": {"series": 2, "title": "We Want to Talk About Birthday Cake", "chapter_number": 46.0, "folder": "0046_af7wmn40", "volume": 1, "group": 2, "uploaded_on": "2019-07-16T04:44:50.618Z"}}]