[{"model": "reader.hitcount", "pk": 1, "fields": {"content_type": 3, "object_id": 1, "hits": 395}}, {"model": "reader.hitcount", "pk": 3, "fields": {"content_type": 4, "object_id": 50, "hits": 5}}, {"model": "reader.hitcount", "pk": 4, "fields": {"content_type": 4, "object_id": 3, "hits": 1}}, {"model": "reader.hitcount", "pk": 5, "fields": {"content_type": 4, "object_id": 69, "hits": 1}}, {"model": "reader.hitcount", "pk": 6, "fields": {"content_type": 4, "object_id": 155, "hits": 1}}, {"model": "reader.person", "pk": 1, "fields": {"name": "Aka Akasaka"}}, {"model": "reader.group", "pk": 1, "fields": {"name": "Psylocke Scans"}}, {"model": "reader.group", "pk": 2, "fields": {"name": "/a/nonymous"}}, {"model": "reader.group", "pk": 3, "fields": {"name": "Fans Scans | Jaimini's~Box~"}}, {"model": "reader.series", "pk": 1, "fields": {"name": "Kaguya-sama wa Kokurasetai: Tensai-tachi no Renai Zunousen", "slug": "Kaguya-Wants-To-Be-Confessed-To", "author": 1, "artist": 1, "synopsis": "All\u2019s fair when love is war!\r\n\r\nTwo geniuses. Two brains. Two hearts. One battle. Who will confess their love first\u2026?!\r\n\r\nKaguya Shinomiya and Miyuki Shirogane are two geniuses who stand atop their prestigious academy\u2019s student council, making them the elite among elite. But it\u2019s lonely at the top and each has fallen for the other. There\u2019s just one huge problem standing in the way of lovey-dovey bliss\u2014they\u2019re both too prideful to be the first to confess their romantic feelings and thus become the \u201closer\u201d in the competition of love! And so begins their daily schemes to force the other to confess first!"}}, {"model": "reader.volume", "pk": 1, "fields": {"series": 1, "volume_cover": "manga/Kaguya-Wants-To-Be-Confessed-To/volume_covers/1/1.png"}}, {"model": "reader.volume", "pk": 2, "fields": {"series": 1, "volume_cover": "manga/Kaguya-Wants-To-Be-Confessed-To/volume_covers/2/2.png"}}, {"model": "reader.volume", "pk": 3, "fields": {"series": 1, "volume_cover": "manga/Kaguya-Wants-To-Be-Confessed-To/volume_covers/3/3.png"}}, {"model": "reader.volume", "pk": 4, "fields": {"series": 1, "volume_cover": "manga/Kaguya-Wants-To-Be-Confessed-To/volume_covers/4/4.png"}}, {"model": "reader.volume", "pk": 5, "fields": {"series": 1, "volume_cover": "manga/Kaguya-Wants-To-Be-Confessed-To/volume_covers/5/5.png"}}, {"model": "reader.volume", "pk": 6, "fields": {"series": 1, "volume_cover": "manga/Kaguya-Wants-To-Be-Confessed-To/volume_covers/6/6.png"}}, {"model": "reader.volume", "pk": 7, "fields": {"series": 1, "volume_cover": "manga/Kaguya-Wants-To-Be-Confessed-To/volume_covers/7/7.png"}}, {"model": "reader.volume", "pk": 8, "fields": {"series": 1, "volume_cover": "manga/Kaguya-Wants-To-Be-Confessed-To/volume_covers/8/8.png"}}, {"model": "reader.volume", "pk": 9, "fields": {"series": 1, "volume_cover": "manga/Kaguya-Wants-To-Be-Confessed-To/volume_covers/9/9.png"}}, {"model": "reader.volume", "pk": 10, "fields": {"series": 1, "volume_cover": "manga/Kaguya-Wants-To-Be-Confessed-To/volume_covers/10/10.png"}}, {"model": "reader.volume", "pk": 11, "fields": {"series": 1, "volume_cover": "manga/Kaguya-Wants-To-Be-Confessed-To/volume_covers/11/11.png"}}, {"model": "reader.volume", "pk": 12, "fields": {"series": 1, "volume_cover": "manga/Kaguya-Wants-To-Be-Confessed-To/volume_covers/12/12.png"}}, {"model": "reader.volume", "pk": 13, "fields": {"series": 1, "volume_cover": "manga/Kaguya-Wants-To-Be-Confessed-To/volume_covers/13/13.jpg"}}, {"model": "reader.volume", "pk": 14, "fields": {"series": 1, "volume_cover": "manga/Kaguya-Wants-To-Be-Confessed-To/volume_covers/14/14.jpg"}}, {"model": "reader.volume", "pk": 15, "fields": {"series": 1, "volume_cover": "manga/Kaguya-Wants-To-Be-Confessed-To/volume_covers/15/15.jpg"}}, {"model": "reader.chapter", "pk": 3, "fields": {"series": 1, "title": "I Want to be Invited to a Movie", "chapter_number": 1.0, "folder": "0001_9rr4clfz", "page_count": 31, "volume": 1, "group": 1, "uploaded_on": "2019-07-10T21:03:48Z"}}, {"model": "reader.chapter", "pk": 4, "fields": {"series": 1, "title": "The Student Council Wants to Play a Prank", "chapter_number": 10.0, "folder": "0010_fsov9vah", "page_count": 20, "volume": 1, "group": 1, "uploaded_on": "2019-07-10T21:03:50.600Z"}}, {"model": "reader.chapter", "pk": 5, "fields": {"series": 1, "title": "Volume 1 Extras", "chapter_number": 10.5, "folder": "0010-5_czq6x2ui", "page_count": 13, "volume": 1, "group": 1, "uploaded_on": "2019-07-10T21:03:50.767Z"}}, {"model": "reader.chapter", "pk": 6, "fields": {"series": 1, "title": "The Student Council Wants to be Photographed", "chapter_number": 100.0, "folder": "0100_3nn93pc0", "page_count": 20, "volume": 10, "group": 3, "uploaded_on": "2019-07-10T21:04:10.466Z"}}, {"model": "reader.chapter", "pk": 7, "fields": {"series": 1, "title": "The Student Council Wants to be Photographed", "chapter_number": 101.0, "folder": "0101_ppjw5ze7", "page_count": 19, "volume": 10, "group": 3, "uploaded_on": "2019-07-10T21:04:10.614Z"}}, {"model": "reader.chapter", "pk": 8, "fields": {"series": 1, "title": "Vol 10 Extras", "chapter_number": 101.5, "folder": "0101-5_wel2qc4f", "page_count": 10, "volume": 10, "group": 3, "uploaded_on": "2019-07-10T21:04:10.775Z"}}, {"model": "reader.chapter", "pk": 9, "fields": {"series": 1, "title": "Kaguya-sama Doesn't Realize", "chapter_number": 102.0, "folder": "0102_8fotddkn", "page_count": 19, "volume": 11, "group": 3, "uploaded_on": "2019-07-10T21:04:10.935Z"}}, {"model": "reader.chapter", "pk": 10, "fields": {"series": 1, "title": "Miyuki Shirogane Wants to Mediate", "chapter_number": 103.0, "folder": "0103_ox9duqnt", "page_count": 19, "volume": 11, "group": 3, "uploaded_on": "2019-07-10T21:04:11.206Z"}}, {"model": "reader.chapter", "pk": 11, "fields": {"series": 1, "title": "Kaguya Shinomiya's Impossible Challenge: \"The Swallow's Cowry\" (Part 1)", "chapter_number": 104.0, "folder": "0104_srqhbw73", "page_count": 19, "volume": 11, "group": 3, "uploaded_on": "2019-07-10T21:04:11.357Z"}}, {"model": "reader.chapter", "pk": 12, "fields": {"series": 1, "title": "Yu Ishigami Wants to Answer", "chapter_number": 105.0, "folder": "0105_aq1d3exx", "page_count": 20, "volume": 11, "group": 3, "uploaded_on": "2019-07-10T21:04:11.538Z"}}, {"model": "reader.chapter", "pk": 13, "fields": {"series": 1, "title": "Chika Fujiwara Wants to Sleep Over", "chapter_number": 106.0, "folder": "0106_olol31zl", "page_count": 19, "volume": 11, "group": 3, "uploaded_on": "2019-07-10T21:04:11.708Z"}}, {"model": "reader.chapter", "pk": 14, "fields": {"series": 1, "title": "Chika Fujiwara Wants to Keep the Beat", "chapter_number": 107.0, "folder": "0107_8g057afg", "page_count": 19, "volume": 11, "group": 3, "uploaded_on": "2019-07-10T21:04:11.880Z"}}, {"model": "reader.chapter", "pk": 15, "fields": {"series": 1, "title": "Ai Hayasaka Wants to Say Something", "chapter_number": 108.0, "folder": "0108_zb3i0auc", "page_count": 19, "volume": 11, "group": 3, "uploaded_on": "2019-07-10T21:04:12.049Z"}}, {"model": "reader.chapter", "pk": 16, "fields": {"series": 1, "title": "Maki Shijo Wants to Ask for Help", "chapter_number": 109.0, "folder": "0109_vag8330d", "page_count": 19, "volume": 11, "group": 3, "uploaded_on": "2019-07-10T21:04:12.221Z"}}, {"model": "reader.chapter", "pk": 17, "fields": {"series": 1, "title": "K-agukoku!", "chapter_number": 109.1, "folder": "0109-1_bwa0kiem", "page_count": 9, "volume": 11, "group": 3, "uploaded_on": "2019-07-10T21:04:12.391Z"}}, {"model": "reader.chapter", "pk": 18, "fields": {"series": 1, "title": "Kaguya Wants to Exchange", "chapter_number": 11.0, "folder": "0011_2rnnz4ku", "page_count": 28, "volume": 2, "group": 1, "uploaded_on": "2019-07-10T21:03:50.947Z"}}, {"model": "reader.chapter", "pk": 19, "fields": {"series": 1, "title": "Yu Ishigami Wants to Chat", "chapter_number": 110.0, "folder": "0110_g8k7twm7", "page_count": 22, "volume": 11, "group": 3, "uploaded_on": "2019-07-10T21:04:12.756Z"}}, {"model": "reader.chapter", "pk": 20, "fields": {"series": 1, "title": "The Student Council Wants to Advance", "chapter_number": 111.0, "folder": "0111_e3sdlko4", "page_count": 21, "volume": 11, "group": 3, "uploaded_on": "2019-07-10T21:04:12.922Z"}}, {"model": "reader.chapter", "pk": 21, "fields": {"series": 1, "title": "Vol 11 Extras", "chapter_number": 111.1, "folder": "0111-1_aaofoj63", "page_count": 12, "volume": 11, "group": 3, "uploaded_on": "2019-07-10T21:04:13.113Z"}}, {"model": "reader.chapter", "pk": 22, "fields": {"series": 1, "title": "Miyuki Shirogane Wants to Be Confessed to, Part 1", "chapter_number": 112.0, "folder": "0112_dg0qz0nr", "page_count": 19, "volume": 12, "group": 3, "uploaded_on": "2019-07-10T21:04:13.324Z"}}, {"model": "reader.chapter", "pk": 23, "fields": {"series": 1, "title": "Miyuki Shirogane Wants to Be Confessed to, Part 2", "chapter_number": 113.0, "folder": "0113_v0x29dp7", "page_count": 19, "volume": 12, "group": 3, "uploaded_on": "2019-07-10T21:04:13.514Z"}}, {"model": "reader.chapter", "pk": 24, "fields": {"series": 1, "title": "Miyuki Shirogane Wants to be Confessed to, Part 3", "chapter_number": 114.0, "folder": "0114_kxxg1s0o", "page_count": 19, "volume": 12, "group": 3, "uploaded_on": "2019-07-10T21:04:13.705Z"}}, {"model": "reader.chapter", "pk": 25, "fields": {"series": 1, "title": "Miko Iino Cannot Love", "chapter_number": 115.0, "folder": "0115_67vqxvq7", "page_count": 19, "volume": 12, "group": 3, "uploaded_on": "2019-07-10T21:04:13.905Z"}}, {"model": "reader.chapter", "pk": 26, "fields": {"series": 1, "title": "We Want to Talk About the Culture Festival", "chapter_number": 116.0, "folder": "0116_l5qpvssy", "page_count": 19, "volume": 12, "group": 3, "uploaded_on": "2019-07-10T21:04:14.096Z"}}, {"model": "reader.chapter", "pk": 27, "fields": {"series": 1, "title": "Chika Fujiwara Wants to Fight", "chapter_number": 117.0, "folder": "0117_ds965mku", "page_count": 19, "volume": 12, "group": 3, "uploaded_on": "2019-07-10T21:04:14.380Z"}}, {"model": "reader.chapter", "pk": 28, "fields": {"series": 1, "title": "Miyuki Shirogane Wants to Expand", "chapter_number": 118.0, "folder": "0118_xarlktv9", "page_count": 19, "volume": 12, "group": 3, "uploaded_on": "2019-07-10T21:04:14.568Z"}}, {"model": "reader.chapter", "pk": 29, "fields": {"series": 1, "title": "Kei Shirogane Wants to Show Off", "chapter_number": 119.0, "folder": "0119_well24ha", "page_count": 19, "volume": 12, "group": 3, "uploaded_on": "2019-07-10T21:04:14.768Z"}}, {"model": "reader.chapter", "pk": 30, "fields": {"series": 1, "title": "Kaguya Wants to be Stopped", "chapter_number": 12.0, "folder": "0012_pi1fzgef", "page_count": 16, "volume": 2, "group": 1, "uploaded_on": "2019-07-10T21:03:51.158Z"}}, {"model": "reader.chapter", "pk": 31, "fields": {"series": 1, "title": "Regarding Kaguya Shinomiya, Part 2", "chapter_number": 120.0, "folder": "0120_b7c2e5rv", "page_count": 19, "volume": 12, "group": 3, "uploaded_on": "2019-07-10T21:04:14.929Z"}}, {"model": "reader.chapter", "pk": 32, "fields": {"series": 1, "title": "Freshman Year, Spring", "chapter_number": 121.0, "folder": "0121_ilxp6n54", "page_count": 20, "volume": 12, "group": 3, "uploaded_on": "2019-07-10T21:04:15.121Z"}}, {"model": "reader.chapter", "pk": 33, "fields": {"series": 1, "title": "Chapter 121.1: Vol 12 Extras", "chapter_number": 121.1, "folder": "0121-1_ny0i29vm", "page_count": 11, "volume": 12, "group": 3, "uploaded_on": "2019-07-10T21:04:15.321Z"}}, {"model": "reader.chapter", "pk": 34, "fields": {"series": 1, "title": "Kaguya Wants to Confess", "chapter_number": 122.0, "folder": "0122_1qylmb3a", "page_count": 19, "volume": 13, "group": 3, "uploaded_on": "2019-07-10T21:04:15.492Z"}}, {"model": "reader.chapter", "pk": 35, "fields": {"series": 1, "title": "Kaguya's Culture Festival", "chapter_number": 123.0, "folder": "0123_hsuctzw5", "page_count": 19, "volume": 13, "group": 3, "uploaded_on": "2019-07-10T21:04:15.671Z"}}, {"model": "reader.chapter", "pk": 36, "fields": {"series": 1, "title": "Yu Ishigami's Culture Festival", "chapter_number": 124.0, "folder": "0124_iyjqkpg1", "page_count": 19, "volume": 13, "group": 3, "uploaded_on": "2019-07-10T21:04:15.853Z"}}, {"model": "reader.chapter", "pk": 37, "fields": {"series": 1, "title": "Kozue Makihara Wants to Play", "chapter_number": 125.0, "folder": "0125_bf05ob0h", "page_count": 19, "volume": 13, "group": 3, "uploaded_on": "2019-07-10T21:04:16.183Z"}}, {"model": "reader.chapter", "pk": 38, "fields": {"series": 1, "title": "Chika Fujiwara Wants to Set the Record Straight", "chapter_number": 126.0, "folder": "0126_nhkow9o8", "page_count": 19, "volume": 13, "group": 3, "uploaded_on": "2019-07-10T21:04:16.384Z"}}, {"model": "reader.chapter", "pk": 39, "fields": {"series": 1, "title": "Miyuki Shirogane's Culture Festival", "chapter_number": 127.0, "folder": "0127_r05avzf9", "page_count": 19, "volume": 13, "group": 3, "uploaded_on": "2019-07-10T21:04:16.544Z"}}, {"model": "reader.chapter", "pk": 40, "fields": {"series": 1, "title": "Kaguya Wants to Shoot Them Down", "chapter_number": 128.0, "folder": "0128_q2oqlfrw", "page_count": 19, "volume": 13, "group": 3, "uploaded_on": "2019-07-10T21:04:16.705Z"}}, {"model": "reader.chapter", "pk": 41, "fields": {"series": 1, "title": "Miyuki Shirogane Wants to Be Confessed to", "chapter_number": 129.0, "folder": "0129_loux0gvt", "page_count": 19, "volume": 13, "group": 3, "uploaded_on": "2019-07-10T21:04:16.875Z"}}, {"model": "reader.chapter", "pk": 42, "fields": {"series": 1, "title": "Kaguya Wants to be Indirect", "chapter_number": 13.0, "folder": "0013_ebgt31pw", "page_count": 19, "volume": 2, "group": 1, "uploaded_on": "2019-07-10T21:03:51.330Z"}}, {"model": "reader.chapter", "pk": 43, "fields": {"series": 1, "title": "Tsubame Koyasu Wants to Turn Him Down", "chapter_number": 130.0, "folder": "0130_wx7mnwy4", "page_count": 19, "volume": 13, "group": 3, "uploaded_on": "2019-07-10T21:04:17.016Z"}}, {"model": "reader.chapter", "pk": 44, "fields": {"series": 1, "title": "Miyuki Shirogane Wants to Be Confessed to, Part 5", "chapter_number": 131.0, "folder": "0131_u6r4sn50", "page_count": 19, "volume": 13, "group": 3, "uploaded_on": "2019-07-10T21:04:17.167Z"}}, {"model": "reader.chapter", "pk": 45, "fields": {"series": 1, "title": "Chapter 131.1: Vol 13 Extras", "chapter_number": 131.1, "folder": "0131-1_z6sxwedg", "page_count": 11, "volume": 13, "group": 3, "uploaded_on": "2019-07-10T21:04:17.307Z"}}, {"model": "reader.chapter", "pk": 46, "fields": {"series": 1, "title": "Kaguya Wants to Confess, Part 2", "chapter_number": 132.0, "folder": "0132_48g976g4", "page_count": 20, "volume": 14, "group": 3, "uploaded_on": "2019-07-10T21:04:17.468Z"}}, {"model": "reader.chapter", "pk": 47, "fields": {"series": 1, "title": "Kaguya Wants to Confess, Part 3", "chapter_number": 133.0, "folder": "0133_u4uhecbx", "page_count": 19, "volume": 14, "group": 3, "uploaded_on": "2019-07-10T21:04:17.984Z"}}, {"model": "reader.chapter", "pk": 48, "fields": {"series": 1, "title": "Dual Confessions, Part 1", "chapter_number": 134.0, "folder": "0134_2copy4j7", "page_count": 19, "volume": 14, "group": 3, "uploaded_on": "2019-07-10T21:04:18.119Z"}}, {"model": "reader.chapter", "pk": 49, "fields": {"series": 1, "title": "Dual Confessions, Part 2", "chapter_number": 135.0, "folder": "0135_iglfp8me", "page_count": 19, "volume": 14, "group": 3, "uploaded_on": "2019-07-10T21:04:18.300Z"}}, {"model": "reader.chapter", "pk": 50, "fields": {"series": 1, "title": "Dual Confessions, Part 3", "chapter_number": 136.0, "folder": "0136_ebgnio35", "page_count": 21, "volume": 14, "group": 3, "uploaded_on": "2019-07-10T21:04:18.471Z"}}, {"model": "reader.chapter", "pk": 51, "fields": {"series": 1, "title": "The Shuchiin Afterparty", "chapter_number": 137.0, "folder": "0137_xxnx68mn", "page_count": 19, "volume": 14, "group": 3, "uploaded_on": "2019-07-10T21:04:18.662Z"}}, {"model": "reader.chapter", "pk": 52, "fields": {"series": 1, "title": "Kaguya Wants to Explain", "chapter_number": 138.0, "folder": "0138_8dizv4oy", "page_count": 19, "volume": 14, "group": 3, "uploaded_on": "2019-07-10T21:04:18.843Z"}}, {"model": "reader.chapter", "pk": 53, "fields": {"series": 1, "title": "Miyuki Shirogane Wants to Discuss", "chapter_number": 139.0, "folder": "0139_5exj1d2v", "page_count": 18, "volume": 14, "group": 3, "uploaded_on": "2019-07-10T21:04:19.053Z"}}, {"model": "reader.chapter", "pk": 54, "fields": {"series": 1, "title": "Miyuki Shirogane Hasn't Done It", "chapter_number": 14.0, "folder": "0014_8yvji7to", "page_count": 21, "volume": 2, "group": 1, "uploaded_on": "2019-07-10T21:03:51.529Z"}}, {"model": "reader.chapter", "pk": 55, "fields": {"series": 1, "title": "Miko Iino Wants to Talk", "chapter_number": 140.0, "folder": "0140_3ki9eu03", "page_count": 20, "volume": 14, "group": 3, "uploaded_on": "2019-07-10T21:04:19.253Z"}}, {"model": "reader.chapter", "pk": 56, "fields": {"series": 1, "title": "Regarding Kaguya Shinomiya, Part 3", "chapter_number": 141.0, "folder": "0141_wcl2oxqk", "page_count": 18, "volume": 14, "group": 3, "uploaded_on": "2019-07-10T21:04:19.565Z"}}, {"model": "reader.chapter", "pk": 57, "fields": {"series": 1, "title": "Chapter 141.1: Vol 14 Extras", "chapter_number": 141.1, "folder": "0141-1_posupjeu", "page_count": 10, "volume": 14, "group": 3, "uploaded_on": "2019-07-10T21:04:19.755Z"}}, {"model": "reader.chapter", "pk": 58, "fields": {"series": 1, "title": "Regarding Kaguya Shinomiya, Part 4", "chapter_number": 142.0, "folder": "0142_v2pzb1rz", "page_count": 20, "volume": 15, "group": 3, "uploaded_on": "2019-07-10T21:04:19.935Z"}}, {"model": "reader.chapter", "pk": 59, "fields": {"series": 1, "title": "Kaguya Wants To Be Noticed (Ice)", "chapter_number": 143.0, "folder": "0143_e2q5iaox", "page_count": 19, "volume": 15, "group": 3, "uploaded_on": "2019-07-10T21:04:20.097Z"}}, {"model": "reader.chapter", "pk": 60, "fields": {"series": 1, "title": "Kaguya Wants To Confide (Ice)", "chapter_number": 144.0, "folder": "0144_6hpmeeo4", "page_count": 18, "volume": 15, "group": 3, "uploaded_on": "2019-07-10T21:04:20.267Z"}}, {"model": "reader.chapter", "pk": 61, "fields": {"series": 1, "title": "Kaguya Wants to Eat (Ice)", "chapter_number": 145.0, "folder": "0145_n2syafsm", "page_count": 19, "volume": 15, "group": 3, "uploaded_on": "2019-07-10T21:04:20.438Z"}}, {"model": "reader.chapter", "pk": 62, "fields": {"series": 1, "title": "Our Personas (Kaguya, Part 1)", "chapter_number": 146.0, "folder": "0146_7w402chl", "page_count": 19, "volume": 15, "group": 3, "uploaded_on": "2019-07-10T21:04:20.609Z"}}, {"model": "reader.chapter", "pk": 63, "fields": {"series": 1, "title": "Our Personas (Shirogane, Part 1)", "chapter_number": 147.0, "folder": "0147_o9h9ixn3", "page_count": 19, "volume": 15, "group": 3, "uploaded_on": "2019-07-10T21:04:20.790Z"}}, {"model": "reader.chapter", "pk": 64, "fields": {"series": 1, "title": "Kaguya Wants to Confess (Ice)", "chapter_number": 148.0, "folder": "0148_7dzi3bc6", "page_count": 19, "volume": 15, "group": 3, "uploaded_on": "2019-07-10T21:04:21.010Z"}}, {"model": "reader.chapter", "pk": 65, "fields": {"series": 1, "title": "Kaguya Thinks It's Fine", "chapter_number": 149.0, "folder": "0149_5ef3qtet", "page_count": 19, "volume": 15, "group": 3, "uploaded_on": "2019-07-10T21:04:21.511Z"}}, {"model": "reader.chapter", "pk": 66, "fields": {"series": 1, "title": "Miyuki Shirogane Wants to Flee", "chapter_number": 15.0, "folder": "0015_wo6xss5i", "page_count": 18, "volume": 2, "group": 1, "uploaded_on": "2019-07-10T21:03:51.750Z"}}, {"model": "reader.chapter", "pk": 67, "fields": {"series": 1, "title": "A Normal Romance", "chapter_number": 150.0, "folder": "0150_kc0yls9j", "page_count": 19, "volume": 15, "group": 3, "uploaded_on": "2019-07-10T21:04:21.712Z"}}, {"model": "reader.chapter", "pk": 68, "fields": {"series": 1, "title": "The First Kiss Never Ends", "chapter_number": 151.0, "folder": "0151_pe4qelb4", "page_count": 19, "volume": 15, "group": 3, "uploaded_on": "2019-07-10T21:04:21.903Z"}}, {"model": "reader.chapter", "pk": 69, "fields": {"series": 1, "title": "Nagisa Kashiwagi Wants to Conceal", "chapter_number": 152.0, "folder": "0152_a2pmj280", "page_count": 19, "volume": 16, "group": 3, "uploaded_on": "2019-07-10T21:04:22.084Z"}}, {"model": "reader.chapter", "pk": 70, "fields": {"series": 1, "title": "Kaguya Wants to Do Well", "chapter_number": 16.0, "folder": "0016_ix7z42cc", "page_count": 18, "volume": 2, "group": 1, "uploaded_on": "2019-07-10T21:03:51.931Z"}}, {"model": "reader.chapter", "pk": 71, "fields": {"series": 1, "title": "Kaguya Wants to Adore", "chapter_number": 17.0, "folder": "0017_o2nu3jh7", "page_count": 18, "volume": 2, "group": 1, "uploaded_on": "2019-07-10T21:03:52.291Z"}}, {"model": "reader.chapter", "pk": 72, "fields": {"series": 1, "title": "The Student Council Wants to Talk", "chapter_number": 18.0, "folder": "0018_006ig4wp", "page_count": 18, "volume": 2, "group": 1, "uploaded_on": "2019-07-10T21:03:52.473Z"}}, {"model": "reader.chapter", "pk": 73, "fields": {"series": 1, "title": "Kaguya Wants to be Sent", "chapter_number": 19.0, "folder": "0019_0vc8bf9v", "page_count": 18, "volume": 2, "group": 1, "uploaded_on": "2019-07-10T21:03:52.613Z"}}, {"model": "reader.chapter", "pk": 74, "fields": {"series": 1, "title": "I Want to Play Old Maid", "chapter_number": 2.0, "folder": "0002_nih78b9p", "page_count": 19, "volume": 1, "group": 1, "uploaded_on": "2019-07-10T21:03:48.882Z"}}, {"model": "reader.chapter", "pk": 75, "fields": {"series": 1, "title": "Miyuki Shirogane Wants to Speak", "chapter_number": 20.0, "folder": "0020_ixnqjikt", "page_count": 18, "volume": 2, "group": 1, "uploaded_on": "2019-07-10T21:03:52.784Z"}}, {"model": "reader.chapter", "pk": 76, "fields": {"series": 1, "title": "Volume 2 Extras", "chapter_number": 20.5, "folder": "0020-5_j2mlu1i6", "page_count": 17, "volume": 2, "group": 1, "uploaded_on": "2019-07-10T21:03:52.944Z"}}, {"model": "reader.chapter", "pk": 77, "fields": {"series": 1, "title": "Kaguya Wants to Have Held", "chapter_number": 21.0, "folder": "0021_nrly80ec", "page_count": 19, "volume": 3, "group": 1, "uploaded_on": "2019-07-10T21:03:53.125Z"}}, {"model": "reader.chapter", "pk": 78, "fields": {"series": 1, "title": "Chika Fujiwara Wants to be Eaten", "chapter_number": 22.0, "folder": "0022_tzmfril0", "page_count": 18, "volume": 3, "group": 1, "uploaded_on": "2019-07-10T21:03:53.295Z"}}, {"model": "reader.chapter", "pk": 79, "fields": {"series": 1, "title": "Miyuki Shirogane Wants to Show Off", "chapter_number": 23.0, "folder": "0023_hdwud1hh", "page_count": 18, "volume": 3, "group": 1, "uploaded_on": "2019-07-10T21:03:53.466Z"}}, {"model": "reader.chapter", "pk": 80, "fields": {"series": 1, "title": "Yu Ishigami Wants to Survive", "chapter_number": 24.0, "folder": "0024_1retjrfk", "page_count": 18, "volume": 3, "group": 1, "uploaded_on": "2019-07-10T21:03:53.647Z"}}, {"model": "reader.chapter", "pk": 81, "fields": {"series": 1, "title": "Kaguya Wants to be Noticed", "chapter_number": 25.0, "folder": "0025_6qb0gkbi", "page_count": 18, "volume": 3, "group": 1, "uploaded_on": "2019-07-10T21:03:53.937Z"}}, {"model": "reader.chapter", "pk": 82, "fields": {"series": 1, "title": "Miyuki Shirogane Wants to Work", "chapter_number": 26.0, "folder": "0026_f2o5utqh", "page_count": 18, "volume": 3, "group": 1, "uploaded_on": "2019-07-10T21:03:54.108Z"}}, {"model": "reader.chapter", "pk": 83, "fields": {"series": 1, "title": "Kaguya Wants to Endure", "chapter_number": 27.0, "folder": "0027_7aujvyw4", "page_count": 19, "volume": 3, "group": 1, "uploaded_on": "2019-07-10T21:03:54.279Z"}}, {"model": "reader.chapter", "pk": 84, "fields": {"series": 1, "title": "Extra Chapter", "chapter_number": 27.5, "folder": "0027-5_d3ri0olc", "page_count": 19, "volume": 3, "group": 1, "uploaded_on": "2019-07-10T21:03:54.449Z"}}, {"model": "reader.chapter", "pk": 85, "fields": {"series": 1, "title": "Chika Fujiwara Wants to Test", "chapter_number": 28.0, "folder": "0028_d6jbbajt", "page_count": 18, "volume": 3, "group": 1, "uploaded_on": "2019-07-10T21:03:54.590Z"}}, {"model": "reader.chapter", "pk": 86, "fields": {"series": 1, "title": "Kaguya Wants to be Joined", "chapter_number": 29.0, "folder": "0029_hpkvpe5y", "page_count": 18, "volume": 3, "group": 1, "uploaded_on": "2019-07-10T21:03:54.741Z"}}, {"model": "reader.chapter", "pk": 87, "fields": {"series": 1, "title": "Kaguya Doesn't Know Much", "chapter_number": 3.0, "folder": "0003_0qbdvy9m", "page_count": 18, "volume": 1, "group": 1, "uploaded_on": "2019-07-10T21:03:49.071Z"}}, {"model": "reader.chapter", "pk": 88, "fields": {"series": 1, "title": "Ai Hayasaka Wants to Defend", "chapter_number": 30.0, "folder": "0030_vadz3qz3", "page_count": 18, "volume": 3, "group": 1, "uploaded_on": "2019-07-10T21:03:54.881Z"}}, {"model": "reader.chapter", "pk": 89, "fields": {"series": 1, "title": "Volume 3 Extras", "chapter_number": 30.5, "folder": "0030-5_byfjx5ah", "page_count": 14, "volume": 3, "group": 1, "uploaded_on": "2019-07-10T21:03:55.051Z"}}, {"model": "reader.chapter", "pk": 90, "fields": {"series": 1, "title": "Miyuki Shirogane Can't Lose", "chapter_number": 31.0, "folder": "0031_a67tnbzi", "page_count": 18, "volume": 4, "group": 1, "uploaded_on": "2019-07-10T21:03:55.212Z"}}, {"model": "reader.chapter", "pk": 91, "fields": {"series": 1, "title": "Kaguya Wants to be Hated", "chapter_number": 32.0, "folder": "0032_jnnm06pm", "page_count": 18, "volume": 4, "group": 1, "uploaded_on": "2019-07-10T21:03:55.383Z"}}, {"model": "reader.chapter", "pk": 92, "fields": {"series": 1, "title": "Kaguya Wants to Offer", "chapter_number": 33.0, "folder": "0033_33fyaeao", "page_count": 18, "volume": 4, "group": 1, "uploaded_on": "2019-07-10T21:03:55.823Z"}}, {"model": "reader.chapter", "pk": 93, "fields": {"series": 1, "title": "Chika Fujiwara Wants to Visit", "chapter_number": 34.0, "folder": "0034_4tukawua", "page_count": 18, "volume": 4, "group": 1, "uploaded_on": "2019-07-10T21:03:55.975Z"}}, {"model": "reader.chapter", "pk": 94, "fields": {"series": 1, "title": "Regarding Kaguya Shinomiya, Part 1", "chapter_number": 35.0, "folder": "0035_ask38v6s", "page_count": 18, "volume": 4, "group": 1, "uploaded_on": "2019-07-10T21:03:56.136Z"}}, {"model": "reader.chapter", "pk": 95, "fields": {"series": 1, "title": "Miyuki Shirogane Wants to Sing", "chapter_number": 36.0, "folder": "0036_veby2t5h", "page_count": 19, "volume": 4, "group": 1, "uploaded_on": "2019-07-10T21:03:56.315Z"}}, {"model": "reader.chapter", "pk": 96, "fields": {"series": 1, "title": "Kaguya Won't Relent", "chapter_number": 37.0, "folder": "0037_ujet0d89", "page_count": 18, "volume": 4, "group": 1, "uploaded_on": "2019-07-10T21:03:56.476Z"}}, {"model": "reader.chapter", "pk": 97, "fields": {"series": 1, "title": "Kaguya Wants to Forgive", "chapter_number": 38.0, "folder": "0038_o8rfk0lv", "page_count": 18, "volume": 4, "group": 1, "uploaded_on": "2019-07-10T21:03:56.646Z"}}, {"model": "reader.chapter", "pk": 98, "fields": {"series": 1, "title": "Kaguya Wants to be Called", "chapter_number": 39.0, "folder": "0039_jf35dyoe", "page_count": 19, "volume": 4, "group": 1, "uploaded_on": "2019-07-10T21:03:56.799Z"}}, {"model": "reader.chapter", "pk": 99, "fields": {"series": 1, "title": "Miyuki Shirogane Wants to Answer", "chapter_number": 4.0, "folder": "0004_iei3dcts", "page_count": 19, "volume": 1, "group": 1, "uploaded_on": "2019-07-10T21:03:49.221Z"}}, {"model": "reader.chapter", "pk": 100, "fields": {"series": 1, "title": "Miyuki Shirogane Wants to Go on a Trip", "chapter_number": 40.0, "folder": "0040_y6e8x7b3", "page_count": 18, "volume": 4, "group": 1, "uploaded_on": "2019-07-10T21:03:56.987Z"}}, {"model": "reader.chapter", "pk": 101, "fields": {"series": 1, "title": "Volume 4 Extras", "chapter_number": 40.5, "folder": "0040-5_p6qyv8ed", "page_count": 15, "volume": 4, "group": 1, "uploaded_on": "2019-07-10T21:03:57.180Z"}}, {"model": "reader.chapter", "pk": 102, "fields": {"series": 1, "title": "Miyuki Shirogane Wants to Meet", "chapter_number": 41.0, "folder": "0041_hve33ihd", "page_count": 18, "volume": 5, "group": 1, "uploaded_on": "2019-07-10T21:03:57.459Z"}}, {"model": "reader.chapter", "pk": 103, "fields": {"series": 1, "title": "Ai Hayasaka Wants to Soak", "chapter_number": 42.0, "folder": "0042_xzuxak68", "page_count": 18, "volume": 5, "group": 1, "uploaded_on": "2019-07-10T21:03:57.610Z"}}, {"model": "reader.chapter", "pk": 104, "fields": {"series": 1, "title": "Chika Fujiwara Really Wants to Eat", "chapter_number": 43.0, "folder": "0043_jlc8ftoo", "page_count": 18, "volume": 5, "group": 1, "uploaded_on": "2019-07-10T21:03:57.770Z"}}, {"model": "reader.chapter", "pk": 105, "fields": {"series": 1, "title": "I Can't Hear the Fireworks, Part 1", "chapter_number": 44.0, "folder": "0044_bf23haxn", "page_count": 18, "volume": 5, "group": 1, "uploaded_on": "2019-07-10T21:03:57.931Z"}}, {"model": "reader.chapter", "pk": 106, "fields": {"series": 1, "title": "I Can't Hear the Fireworks, Part 2", "chapter_number": 45.0, "folder": "0045_h2doed0j", "page_count": 21, "volume": 5, "group": 1, "uploaded_on": "2019-07-10T21:03:58.082Z"}}, {"model": "reader.chapter", "pk": 107, "fields": {"series": 1, "title": "Kaguya Doesn't Want to Avoid", "chapter_number": 46.0, "folder": "0046_av9rp87m", "page_count": 20, "volume": 5, "group": 1, "uploaded_on": "2019-07-10T21:03:58.242Z"}}, {"model": "reader.chapter", "pk": 108, "fields": {"series": 1, "title": "Kaguya Wants to Choose", "chapter_number": 47.0, "folder": "0047_mwa3ii20", "page_count": 18, "volume": 5, "group": 1, "uploaded_on": "2019-07-10T21:03:58.443Z"}}, {"model": "reader.chapter", "pk": 109, "fields": {"series": 1, "title": "The Student Council Isn't Alpha", "chapter_number": 48.0, "folder": "0048_v0jn89fz", "page_count": 18, "volume": 5, "group": 1, "uploaded_on": "2019-07-10T21:03:58.603Z"}}, {"model": "reader.chapter", "pk": 110, "fields": {"series": 1, "title": "Miyuki Shirogane Wants to Prepare", "chapter_number": 49.0, "folder": "0049_h324qk0s", "page_count": 21, "volume": 5, "group": 1, "uploaded_on": "2019-07-10T21:03:58.784Z"}}, {"model": "reader.chapter", "pk": 111, "fields": {"series": 1, "title": "Kaguya Wants to Eat", "chapter_number": 5.0, "folder": "0005_cdw47awo", "page_count": 18, "volume": 1, "group": 1, "uploaded_on": "2019-07-10T21:03:49.392Z"}}, {"model": "reader.chapter", "pk": 112, "fields": {"series": 1, "title": "Extra Chapter", "chapter_number": 5.5, "folder": "0005-5_efopqmvc", "page_count": 15, "volume": 1, "group": 1, "uploaded_on": "2019-07-10T21:03:49.574Z"}}, {"model": "reader.chapter", "pk": 113, "fields": {"series": 1, "title": "Nagisa Kashiwagi Can't Watch", "chapter_number": 50.0, "folder": "0050_ucynpyat", "page_count": 19, "volume": 5, "group": 1, "uploaded_on": "2019-07-10T21:03:59.236Z"}}, {"model": "reader.chapter", "pk": 114, "fields": {"series": 1, "title": "Volume 5 Extras", "chapter_number": 50.5, "folder": "0050-5_sa36xfjj", "page_count": 12, "volume": 5, "group": 1, "uploaded_on": "2019-07-10T21:03:59.396Z"}}, {"model": "reader.chapter", "pk": 115, "fields": {"series": 1, "title": "Kaguya Wants to Celebrate", "chapter_number": 51.0, "folder": "0051_luivu14c", "page_count": 18, "volume": 6, "group": 1, "uploaded_on": "2019-07-10T21:03:59.577Z"}}, {"model": "reader.chapter", "pk": 116, "fields": {"series": 1, "title": "Kaguya Wants to Ask", "chapter_number": 52.0, "folder": "0052_j2vtuyds", "page_count": 19, "volume": 6, "group": 1, "uploaded_on": "2019-07-10T21:03:59.797Z"}}, {"model": "reader.chapter", "pk": 117, "fields": {"series": 1, "title": "Kaguya Wants to Give", "chapter_number": 53.0, "folder": "0053_mvbvt0yf", "page_count": 18, "volume": 6, "group": 1, "uploaded_on": "2019-07-10T21:03:59.958Z"}}, {"model": "reader.chapter", "pk": 118, "fields": {"series": 1, "title": "Chika Fujiwara Wants to Confirm", "chapter_number": 54.0, "folder": "0054_lhloyxlv", "page_count": 18, "volume": 6, "group": 1, "uploaded_on": "2019-07-10T21:04:00.128Z"}}, {"model": "reader.chapter", "pk": 119, "fields": {"series": 1, "title": "Thus, Yu Ishigami Closed His Eyes, Part 1", "chapter_number": 55.0, "folder": "0055_kk7nz1yc", "page_count": 18, "volume": 6, "group": 1, "uploaded_on": "2019-07-10T21:04:00.309Z"}}, {"model": "reader.chapter", "pk": 120, "fields": {"series": 1, "title": "Miyuki Shirogane Wants to Gaze", "chapter_number": 56.0, "folder": "0056_bf1pjwwk", "page_count": 18, "volume": 6, "group": 1, "uploaded_on": "2019-07-10T21:04:00.500Z"}}, {"model": "reader.chapter", "pk": 121, "fields": {"series": 1, "title": "Kaguya Wants to Marry", "chapter_number": 57.0, "folder": "0057_t9rsgtsv", "page_count": 18, "volume": 6, "group": 1, "uploaded_on": "2019-07-10T21:04:00.680Z"}}, {"model": "reader.chapter", "pk": 122, "fields": {"series": 1, "title": "Ai Hayasaka Wants to Seduce", "chapter_number": 58.0, "folder": "0058_218sudcb", "page_count": 18, "volume": 6, "group": 1, "uploaded_on": "2019-07-10T21:04:00.991Z"}}, {"model": "reader.chapter", "pk": 123, "fields": {"series": 1, "title": "The 67th Student Council", "chapter_number": 59.0, "folder": "0059_7cr3i0li", "page_count": 18, "volume": 6, "group": 1, "uploaded_on": "2019-07-10T21:04:01.192Z"}}, {"model": "reader.chapter", "pk": 124, "fields": {"series": 1, "title": "Miyuki Shirogane Wants to Hide", "chapter_number": 6.0, "folder": "0006_39m83t09", "page_count": 18, "volume": 1, "group": 1, "uploaded_on": "2019-07-10T21:03:49.753Z"}}, {"model": "reader.chapter", "pk": 125, "fields": {"series": 1, "title": "Chapter 60", "chapter_number": 60.0, "folder": "0060_czp9isz6", "page_count": 18, "volume": 6, "group": 1, "uploaded_on": "2019-07-10T21:04:01.458Z"}}, {"model": "reader.chapter", "pk": 126, "fields": {"series": 1, "title": "Vol 6 Extras", "chapter_number": 60.1, "folder": "0060-1_tpwkho1j", "page_count": 11, "volume": 6, "group": 3, "uploaded_on": "2019-07-10T21:04:01.623Z"}}, {"model": "reader.chapter", "pk": 127, "fields": {"series": 1, "title": "Kaguya Wants a Confession", "chapter_number": 61.0, "folder": "0061_0khozd1y", "page_count": 20, "volume": 7, "group": 1, "uploaded_on": "2019-07-10T21:04:01.794Z"}}, {"model": "reader.chapter", "pk": 128, "fields": {"series": 1, "title": "Miyuki Shirogane Wants to Draw", "chapter_number": 62.0, "folder": "0062_2w0xg1l3", "page_count": 18, "volume": 7, "group": 1, "uploaded_on": "2019-07-10T21:04:02Z"}}, {"model": "reader.chapter", "pk": 129, "fields": {"series": 1, "title": "Miyuki Shirogane Wants to Be Popular", "chapter_number": 63.0, "folder": "0063_ebdfr8yq", "page_count": 18, "volume": 7, "group": 1, "uploaded_on": "2019-07-10T21:04:02.226Z"}}, {"model": "reader.chapter", "pk": 130, "fields": {"series": 1, "title": "Nagisa Kashiwagi Wants to Console", "chapter_number": 64.0, "folder": "0064_wcqrnjf1", "page_count": 18, "volume": 7, "group": 1, "uploaded_on": "2019-07-10T21:04:02.516Z"}}, {"model": "reader.chapter", "pk": 131, "fields": {"series": 1, "title": "Kaguya Wants to be Confessed to Darkness", "chapter_number": 64.5, "folder": "0064-5_mqw9wzxg", "page_count": 11, "volume": 7, "group": 1, "uploaded_on": "2019-07-10T21:04:02.699Z"}}, {"model": "reader.chapter", "pk": 132, "fields": {"series": 1, "title": "Miko Iino Wants to Correct", "chapter_number": 65.0, "folder": "0065_wrkc9uiq", "page_count": 18, "volume": 7, "group": 1, "uploaded_on": "2019-07-10T21:04:02.868Z"}}, {"model": "reader.chapter", "pk": 133, "fields": {"series": 1, "title": "Kaguya Wants to Eliminate", "chapter_number": 66.0, "folder": "0066_7v4uo4zb", "page_count": 18, "volume": 7, "group": 1, "uploaded_on": "2019-07-10T21:04:03.049Z"}}, {"model": "reader.chapter", "pk": 134, "fields": {"series": 1, "title": "Miko Iino Can't be Laughed At", "chapter_number": 67.0, "folder": "0067_b2j5wjac", "page_count": 18, "volume": 7, "group": 1, "uploaded_on": "2019-07-10T21:04:03.219Z"}}, {"model": "reader.chapter", "pk": 135, "fields": {"series": 1, "title": "I Want to Make Miko Iino Smile", "chapter_number": 68.0, "folder": "0068_k3lxxzwp", "page_count": 18, "volume": 7, "group": 1, "uploaded_on": "2019-07-10T21:04:03.410Z"}}, {"model": "reader.chapter", "pk": 136, "fields": {"series": 1, "title": "Kaguya Hasn't Been Called", "chapter_number": 69.0, "folder": "0069_e7asfx69", "page_count": 18, "volume": 7, "group": 1, "uploaded_on": "2019-07-10T21:04:03.591Z"}}, {"model": "reader.chapter", "pk": 137, "fields": {"series": 1, "title": "Fujiwara Wants to Go On a Trip", "chapter_number": 7.0, "folder": "0007_ihvctqxc", "page_count": 18, "volume": 1, "group": 1, "uploaded_on": "2019-07-10T21:03:49.894Z"}}, {"model": "reader.chapter", "pk": 138, "fields": {"series": 1, "title": "Kaguya Wants to Strip", "chapter_number": 70.0, "folder": "0070_h6xl03vl", "page_count": 18, "volume": 7, "group": 1, "uploaded_on": "2019-07-10T21:04:03.761Z"}}, {"model": "reader.chapter", "pk": 139, "fields": {"series": 1, "title": "Vol 7 Extras", "chapter_number": 70.1, "folder": "0070-1_0ufecz35", "page_count": 10, "volume": 7, "group": 3, "uploaded_on": "2019-07-10T21:04:03.952Z"}}, {"model": "reader.chapter", "pk": 140, "fields": {"series": 1, "title": "Kaguya Wants to Produce", "chapter_number": 71.0, "folder": "0071_60avg0ys", "page_count": 18, "volume": 8, "group": 1, "uploaded_on": "2019-07-10T21:04:04.224Z"}}, {"model": "reader.chapter", "pk": 141, "fields": {"series": 1, "title": "Miko Iino Wants to Restrain", "chapter_number": 72.0, "folder": "0072_l2662jd9", "page_count": 20, "volume": 8, "group": 1, "uploaded_on": "2019-07-10T21:04:04.384Z"}}, {"model": "reader.chapter", "pk": 142, "fields": {"series": 1, "title": "Miyuki Shirogane Wants to Read", "chapter_number": 73.0, "folder": "0073_18qocc5m", "page_count": 18, "volume": 8, "group": 2, "uploaded_on": "2019-07-10T21:04:04.553Z"}}, {"model": "reader.chapter", "pk": 143, "fields": {"series": 1, "title": "Kaguya \u2661 Aquarium", "chapter_number": 74.0, "folder": "0074_uet7r516", "page_count": 18, "volume": 8, "group": 2, "uploaded_on": "2019-07-10T21:04:04.725Z"}}, {"model": "reader.chapter", "pk": 144, "fields": {"series": 1, "title": "Kaguya Wants to Collect", "chapter_number": 75.0, "folder": "0075_01d6oi85", "page_count": 18, "volume": 8, "group": 2, "uploaded_on": "2019-07-10T21:04:04.915Z"}}, {"model": "reader.chapter", "pk": 145, "fields": {"series": 1, "title": "Nagisa Kashiwagi is Annoying", "chapter_number": 76.0, "folder": "0076_4n0lec72", "page_count": 18, "volume": 8, "group": 2, "uploaded_on": "2019-07-10T21:04:05.096Z"}}, {"model": "reader.chapter", "pk": 146, "fields": {"series": 1, "title": "Chika Fujiwara Wants to Get Information", "chapter_number": 77.0, "folder": "0077_efuajp7z", "page_count": 18, "volume": 8, "group": 2, "uploaded_on": "2019-07-10T21:04:05.276Z"}}, {"model": "reader.chapter", "pk": 147, "fields": {"series": 1, "title": "Kaguya Isn't Frightened", "chapter_number": 78.0, "folder": "0078_6ttx2z67", "page_count": 20, "volume": 8, "group": 2, "uploaded_on": "2019-07-10T21:04:05.447Z"}}, {"model": "reader.chapter", "pk": 148, "fields": {"series": 1, "title": "Kaguya Wants To Be Examined", "chapter_number": 79.0, "folder": "0079_cntxzmkz", "page_count": 18, "volume": 8, "group": 2, "uploaded_on": "2019-07-10T21:04:05.638Z"}}, {"model": "reader.chapter", "pk": 149, "fields": {"series": 1, "title": "Kaguya Wants to be Answered", "chapter_number": 8.0, "folder": "0008_619zwron", "page_count": 18, "volume": 1, "group": 1, "uploaded_on": "2019-07-10T21:03:50.044Z"}}, {"model": "reader.chapter", "pk": 150, "fields": {"series": 1, "title": "Thus, Yu Ishigami Closed His Eyes, Part 2", "chapter_number": 80.0, "folder": "0080_v6ey72t9", "page_count": 18, "volume": 8, "group": 2, "uploaded_on": "2019-07-10T21:04:06.069Z"}}, {"model": "reader.chapter", "pk": 151, "fields": {"series": 1, "title": "Vol 8 Extras", "chapter_number": 80.1, "folder": "0080-1_h2cgeqri", "page_count": 11, "volume": 8, "group": 3, "uploaded_on": "2019-07-10T21:04:06.250Z"}}, {"model": "reader.chapter", "pk": 152, "fields": {"series": 1, "title": "Kaguya Wants to Touch", "chapter_number": 81.0, "folder": "0081_4rwe8zi6", "page_count": 18, "volume": 9, "group": 2, "uploaded_on": "2019-07-10T21:04:06.390Z"}}, {"model": "reader.chapter", "pk": 153, "fields": {"series": 1, "title": "Kaguya Won't Refuse", "chapter_number": 82.0, "folder": "0082_0vrxxuhb", "page_count": 18, "volume": 9, "group": 2, "uploaded_on": "2019-07-10T21:04:06.541Z"}}, {"model": "reader.chapter", "pk": 154, "fields": {"series": 1, "title": "Kei Shirogane Won't Talk", "chapter_number": 83.0, "folder": "0083_pc6jn1r0", "page_count": 18, "volume": 9, "group": 2, "uploaded_on": "2019-07-10T21:04:06.691Z"}}, {"model": "reader.chapter", "pk": 155, "fields": {"series": 1, "title": "Special", "chapter_number": 83.5, "folder": "0083-5_wrgltgiu", "page_count": 11, "volume": 9, "group": 2, "uploaded_on": "2019-07-10T21:04:06.852Z"}}, {"model": "reader.chapter", "pk": 156, "fields": {"series": 1, "title": "Miyuki Shirogane Wants To Dance", "chapter_number": 84.0, "folder": "0084_8z287lk9", "page_count": 20, "volume": 9, "group": 2, "uploaded_on": "2019-07-10T21:04:07.038Z"}}, {"model": "reader.chapter", "pk": 157, "fields": {"series": 1, "title": "Kobachi Osaragi Wants to Supervise", "chapter_number": 85.0, "folder": "0085_3va6ydc2", "page_count": 18, "volume": 9, "group": 2, "uploaded_on": "2019-07-10T21:04:07.183Z"}}, {"model": "reader.chapter", "pk": 158, "fields": {"series": 1, "title": "Mr. Shirogane Wants to Pry", "chapter_number": 86.0, "folder": "0086_hgj377d7", "page_count": 18, "volume": 9, "group": 2, "uploaded_on": "2019-07-10T21:04:07.353Z"}}, {"model": "reader.chapter", "pk": 159, "fields": {"series": 1, "title": "Shuchin Sports Festival", "chapter_number": 87.0, "folder": "0087_eu61mal0", "page_count": 18, "volume": 9, "group": 2, "uploaded_on": "2019-07-10T21:04:07.634Z"}}, {"model": "reader.chapter", "pk": 160, "fields": {"series": 1, "title": "Thus, Yu Ishigami Closed His Eyes, Part 3", "chapter_number": 88.0, "folder": "0088_j81lnwnq", "page_count": 18, "volume": 9, "group": 2, "uploaded_on": "2019-07-10T21:04:07.805Z"}}, {"model": "reader.chapter", "pk": 162, "fields": {"series": 1, "title": "Kaguya Wants to Walk", "chapter_number": 9.0, "folder": "0009_b0nftgph", "page_count": 19, "volume": 1, "group": 1, "uploaded_on": "2019-07-10T21:03:50.196Z"}}, {"model": "reader.chapter", "pk": 165, "fields": {"series": 1, "title": "Vol 9 Extras", "chapter_number": 91.1, "folder": "0091-1_l73te494", "page_count": 12, "volume": 9, "group": 3, "uploaded_on": "2019-07-10T21:04:08.517Z"}}, {"model": "reader.chapter", "pk": 167, "fields": {"series": 1, "title": "Kaguya Wants to Take Him Out", "chapter_number": 93.0, "folder": "0093_08cx5snc", "page_count": 20, "volume": 10, "group": 3, "uploaded_on": "2019-07-10T21:04:08.859Z"}}, {"model": "reader.chapter", "pk": 168, "fields": {"series": 1, "title": "Kaguya Wants to Interrupt", "chapter_number": 94.0, "folder": "0094_asx6yh6z", "page_count": 19, "volume": 10, "group": 3, "uploaded_on": "2019-07-10T21:04:09.049Z"}}, {"model": "reader.chapter", "pk": 169, "fields": {"series": 1, "title": "Miko Iino Wants to Be Soothed", "chapter_number": 95.0, "folder": "0095_e1dtqjv1", "page_count": 19, "volume": 10, "group": 3, "uploaded_on": "2019-07-10T21:04:09.520Z"}}, {"model": "reader.chapter", "pk": 170, "fields": {"series": 1, "title": "Kaguya Wants to Feed Him", "chapter_number": 96.0, "folder": "0096_2bh2xm10", "page_count": 19, "volume": 10, "group": 3, "uploaded_on": "2019-07-10T21:04:09.731Z"}}, {"model": "reader.chapter", "pk": 171, "fields": {"series": 1, "title": "Nagisa Kashiwagi Wants to Put Him to Death", "chapter_number": 97.0, "folder": "0097_0g2p3abd", "page_count": 19, "volume": 10, "group": 3, "uploaded_on": "2019-07-10T21:04:09.922Z"}}, {"model": "reader.chapter", "pk": 172, "fields": {"series": 1, "title": "Maki Shijo Wants to Do Something, Somehow", "chapter_number": 98.0, "folder": "0098_ym6yzzx4", "page_count": 19, "volume": 10, "group": 3, "uploaded_on": "2019-07-10T21:04:10.133Z"}}, {"model": "reader.chapter", "pk": 173, "fields": {"series": 1, "title": "Miyuki Shirogane Wants to Be Trusted", "chapter_number": 99.0, "folder": "0099_r7eamvgp", "page_count": 19, "volume": 10, "group": 3, "uploaded_on": "2019-07-10T21:04:10.303Z"}}, {"model": "reader.chapter", "pk": 177, "fields": {"series": 1, "title": "Miyuki Shirogane and Yu Ishigami", "chapter_number": 89.0, "folder": "0089_coze9qbf", "page_count": 22, "volume": 9, "group": 3, "uploaded_on": "2019-07-10T21:04:08Z"}}, {"model": "reader.chapter", "pk": 178, "fields": {"series": 1, "title": "Kyoko Ootomo Doesn't Realize", "chapter_number": 90.0, "folder": "0090_loq188sy", "page_count": 19, "volume": 9, "group": 3, "uploaded_on": "2019-07-10T21:04:08Z"}}, {"model": "reader.chapter", "pk": 179, "fields": {"series": 1, "title": "Chika Fujiwara Wants to Make It Swell", "chapter_number": 91.0, "folder": "0091_mbhkpdod", "page_count": 19, "volume": 9, "group": 3, "uploaded_on": "2019-07-10T21:04:08Z"}}, {"model": "reader.chapter", "pk": 180, "fields": {"series": 1, "title": "I Want to Make Kaguya Blush", "chapter_number": 92.0, "folder": "0092_r4atnq1b", "page_count": 19, "volume": 10, "group": 3, "uploaded_on": "2019-07-10T21:04:08Z"}}, {"model": "reader.chapter", "pk": 181, "fields": {"series": 1, "title": "The Swallow's Cowry (Ice)", "chapter_number": 153.0, "folder": "0153_2978tk7g", "page_count": 19, "volume": 16, "group": 3, "uploaded_on": "2019-07-10T21:04:22Z"}}, {"model": "reader.chapter", "pk": 184, "fields": {"series": 1, "title": "Kaguya Shinomiya's Impossible Challenge: \"The Swallow's Cowry\" (Part 2)", "chapter_number": 154.0, "folder": "0154_gxathqrl", "page_count": 19, "volume": 16, "group": 3, "uploaded_on": "2019-07-11T02:09:51.464Z"}}]